외부기온,내부기온,내외부기온차,외부상대습도,내부상대습도,내외부상대습도차,외부CO2,내부CO2,내외부CO2차,외부풍속,외부일사량,환기율,환기창면적,작물유무,작물유무수치
16.8,27.1,10.3,45.1,39.6,5.5,543.5,608,64.5,1.576,409.4,0.704,0.04,no,0
17.2,28.3,11.1,42.5,37.6,4.9,543,580,37,1.707,442.7,0.756,0.04,no,0
17.6,29.1,11.5,42.9,33.2,9.7,522.5,585.5,63,1.342,476.5,0.634,0.04,no,0
18,30.3,12.4,41.2,32.4,8.8,543,593.5,50.5,1.802,505.7,0.798,0.04,no,0
17.9,30.6,12.7,37.2,28.8,8.4,520.5,590.5,70,2.583,536,1.084,0.04,no,0
18,31.3,13.3,37.4,27.1,10.3,529.5,585.5,56,3.66,564.9,1.493,0.04,no,0
18,31.7,13.7,35.8,25.3,10.5,527.5,583,55.5,3.171,592.1,1.308,0.04,no,0
18,32,14,38.6,24.4,14.2,522,585,63,3.242,616.5,1.337,0.04,no,0
18.3,32.7,14.5,37,23.5,13.5,526.5,578,51.5,3.313,640.1,1.365,0.04,no,0
18.3,32.6,14.3,36.1,22.6,13.5,534,592,58,3.618,664.5,1.48,0.04,no,0
19.1,33.5,14.5,35.6,22.8,12.8,526,583,57,3.266,686,1.347,0.04,no,0
19.7,35.2,15.5,35.5,22.7,12.8,510,573,63,3.351,703.4,1.383,0.04,no,0
20.3,36.6,16.3,35.1,21.2,13.9,528,594,66,3.113,718.4,1.297,0.04,no,0
20.6,37.1,16.6,33.2,19.9,13.3,529.5,590.5,61,3.503,733,1.444,0.04,no,0
20.7,36.8,16.2,33.4,19.6,13.8,536,585,49,4.336,746.8,1.761,0.04,no,0
20.7,37,16.3,33.8,18.2,15.6,525.5,601,75.5,3.762,759,1.542,0.04,no,0
21.1,37.2,16.2,34.2,19.2,15,538.5,595.5,57,3.932,768.6,1.606,0.04,no,0
21.4,38.2,16.8,32.8,18.1,14.7,515.5,584,68.5,3.751,777,1.539,0.04,no,0
21.6,38.8,17.2,33.6,17.7,15.9,526,580.5,54.5,3.823,783.5,1.568,0.04,no,0
22,39.1,17.2,31.5,17.2,14.3,520.5,597.5,77,3.899,791.7,1.597,0.04,no,0
21.9,39.3,17.4,31.9,16.6,15.3,524,584,60,4.226,794.4,1.722,0.04,no,0
22.5,40.5,18,32.2,17.9,14.3,525,573.5,48.5,2.794,788.1,1.185,0.04,no,0
23,41.3,18.4,31.2,16.9,14.3,511,582,71,2.873,786.4,1.215,0.04,no,0
23.3,41.6,18.3,31.8,16.8,15,531.5,598.5,67,3.462,784.6,1.435,0.04,no,0
23.8,42.1,18.4,30.7,16,14.7,519.5,593.5,74,2.869,778.1,1.214,0.04,no,0
23,41.4,18.4,31.1,15.5,15.6,515.5,603,87.5,4.173,769.6,1.705,0.04,no,0
23.4,41.2,17.9,32.6,15.7,16.9,521.5,587.5,66,4.065,763.3,1.662,0.04,no,0
23.9,41.1,17.2,30,16.3,13.7,521,569,48,3.3,753.5,1.37,0.04,no,0
24,41,17.1,30.7,15.9,14.8,520.5,592.5,72,4.436,744.3,1.801,0.04,no,0
24.2,40.7,16.5,30.4,16,14.4,511.5,594,82.5,4.084,728.7,1.665,0.04,no,0
23.9,40.1,16.3,31.6,16.4,15.2,516,614,98,3.933,713.5,1.606,0.04,no,0
23.9,39.5,15.7,30.5,16.5,14,526.5,614.5,88,3.967,697.3,1.617,0.04,no,0
23.9,39.5,15.6,30,16.5,13.5,538,583.5,45.5,3.742,677,1.531,0.04,no,0
24.1,39.2,15.1,30.8,16.3,14.5,535,589,54,3.77,655.8,1.54,0.04,no,0
24.3,39.1,14.8,28.8,17,11.8,537.5,612.5,75,3.871,634,1.578,0.04,no,0
24.1,38.7,14.6,29.1,16,13.1,530.5,595.5,65,3.002,611.5,1.247,0.04,no,0
23.8,37.8,14,30.7,17.1,13.6,530.5,614.5,84,2.61,584.4,1.099,0.04,no,0
23,36.4,13.4,31.3,16.8,14.5,527,603.5,76.5,3.303,556.5,1.356,0.04,no,0
23.5,36.3,12.8,31.1,18.2,12.9,529,602,73,2.911,533,1.206,0.04,no,0
22.8,34.9,12.1,32.3,17.5,14.8,515.5,607,91.5,2.98,503.8,1.229,0.04,no,0
22.8,34.1,11.3,30.8,18.9,11.9,519,605,86,3.348,470.8,1.366,0.04,no,0
23,33.6,10.6,31.6,19.6,12,525.5,605,79.5,3.41,437.1,1.387,0.04,no,0
22.4,32.9,10.5,33.1,19.9,13.2,534.5,608.5,74,2.98,406.3,1.222,0.04,no,0
22.2,32,9.8,32.8,21.1,11.7,527.5,603.5,76,3.1,372.3,1.265,0.04,no,0
22.3,31.1,8.9,33.7,21.9,11.8,512.5,607.5,95,2.911,335.3,1.189,0.04,no,0
22.3,30.5,8.3,34.9,22.8,12.1,532.5,599,66.5,3.116,305.9,1.265,0.04,no,0
22.2,29.8,7.6,33.3,23.2,10.1,534.5,613,78.5,2.473,269.9,1.016,0.04,no,0
21.9,28.9,7,33.8,23.8,10,534,608.5,74.5,2.65,236.3,1.08,0.04,no,0
21.2,27.5,6.3,35.2,24.9,10.3,507.5,584.5,77,3.353,183.9,1.349,0.04,no,0
18.1,27.6,9.5,54.3,49.6,4.7,562,604,42,1.196,404.4,0.569,0.04,no,0
18.2,28.6,10.4,54.4,44.8,9.6,533,606.5,73.5,1.023,436.3,0.522,0.04,no,0
18.5,30.1,11.6,52.4,40.5,11.9,544.5,599.5,55,1.395,468.9,0.652,0.04,no,0
18.5,31,12.5,52,39.3,12.7,544,604.5,60.5,1.731,493,0.773,0.04,no,0
19.1,31.9,12.8,51.9,37.5,14.4,552.5,596,43.5,1.076,521.6,0.561,0.04,no,0
19.5,33.4,13.9,49.6,33.8,15.8,554,593,39,1.181,549.5,0.603,0.04,no,0
19.7,34.8,15.2,49,31.9,17.1,543,588,45,1.156,575,0.606,0.04,no,0
19.8,36.2,16.4,46.1,29.5,16.6,530,607,77,1.234,601.3,0.64,0.04,no,0
20.9,37.4,16.5,48.8,27.6,21.2,547.5,586,38.5,0.72,621.6,0.503,0.04,no,0
21,38,17,46.1,25.8,20.3,561.5,610,48.5,0.759,639.3,0.516,0.04,no,0
21.3,38.8,17.5,44.3,24.6,19.7,535.5,605,69.5,0.85,662.3,0.542,0.04,no,0
22.1,40.2,18.1,42.5,23.6,18.9,549,611.5,62.5,0.79,681.8,0.534,0.04,no,0
21.8,40.8,19,42.5,22.4,20.1,532.5,604.5,72,1.218,699,0.655,0.04,no,0
22.3,41.4,19.1,43,21.5,21.5,537.5,609,71.5,0.97,716.1,0.587,0.04,no,0
23,42,19,40.8,21.1,19.7,533,614,81,1.208,731.3,0.651,0.04,no,0
23.1,42.4,19.3,40.1,20.3,19.8,543,610.5,67.5,1.511,744.1,0.745,0.04,no,0
23.5,42.9,19.4,39.6,19.7,19.9,537,627,90,1.27,755.1,0.672,0.04,no,0
23.8,44,20.3,39.5,19.2,20.3,536,603.5,67.5,1.418,764,0.723,0.04,no,0
24.1,44.3,20.3,39.9,18.8,21.1,537.5,597,59.5,1.735,768.4,0.823,0.04,no,0
24.1,44.9,20.8,39,17.9,21.1,527.5,616,88.5,1.38,772.3,0.715,0.04,no,0
24.3,45.2,20.9,37.9,17.3,20.6,530,591,61,1.477,777.1,0.745,0.04,no,0
24.2,45,20.9,35.6,17.2,18.4,526.5,601,74.5,1.212,779,0.666,0.04,no,0
24,44.9,20.9,36.7,16.9,19.8,531.5,613,81.5,1.155,782.9,0.651,0.04,no,0
24.8,45.2,20.5,35.7,16.7,19,543,599,56,0.882,780,0.576,0.04,no,0
24.8,44.9,20.1,35.1,16.2,18.9,535.5,612,76.5,2.18,773.6,0.973,0.04,no,0
24.7,45.1,20.5,33.3,16.3,17,536.5,612,75.5,1.458,763.1,0.736,0.04,no,0
25.1,45.4,20.4,33.5,16.4,17.1,535.5,615.5,80,1.001,751,0.605,0.04,no,0
25.6,46.2,20.6,33.5,15.7,17.8,530.5,599,68.5,1.213,743.3,0.664,0.04,no,0
25.7,46.1,20.4,32.9,15.1,17.8,539.5,613,73.5,1.351,733.1,0.702,0.04,no,0
25.6,45.3,19.7,33,15.5,17.5,548,606.5,58.5,1.431,722.3,0.722,0.04,no,0
25.4,45,19.7,33.9,16.1,17.8,544.5,611.5,67,1.191,706,0.65,0.04,no,0
25.8,45.2,19.4,27.9,15,12.9,524.5,617.5,93,1.133,686.9,0.631,0.04,no,0
25.2,43.6,18.4,26.9,14,12.9,525,631.5,106.5,3.058,678,1.284,0.04,no,0
25.4,43.3,17.9,27.6,14.7,12.9,527.5,597.5,70,1.503,654.2,0.732,0.04,no,0
25.6,43.1,17.6,26,14.5,11.5,525.5,610,84.5,2.103,636.8,0.932,0.04,no,0
25.1,41.8,16.7,26.5,14.7,11.8,528,635.5,107.5,2.709,616.6,1.147,0.04,no,0
25.3,41.5,16.2,28.6,14.7,13.9,527.5,608.5,81,1.492,590.4,0.717,0.04,no,0
24.7,40.3,15.6,27.8,15.4,12.4,526.5,611,84.5,2.906,566.2,1.216,0.04,no,0
24.7,39.8,15.1,30,15.8,14.2,531.5,598.5,67,1.715,534.1,0.784,0.04,no,0
24.9,39.4,14.6,28.2,16.5,11.7,536,605.5,69.5,1.769,504.6,0.799,0.04,no,0
24.8,38.6,13.8,28.7,16.7,12,524,598.5,74.5,1.904,471.2,0.841,0.04,no,0
24.6,37.7,13.2,27.4,16.9,10.5,537,607,70,2.202,443.9,0.944,0.04,no,0
24.4,36.8,12.4,23.6,15.9,7.7,522.5,618.5,96,2.368,412.8,1.001,0.04,no,0
24.1,35.6,11.6,25.4,16.1,9.3,540.5,589.5,49,2.377,380.1,1,0.04,no,0
23.9,34.5,10.6,26.5,17.1,9.4,528,598,70,1.685,343.1,0.743,0.04,no,0
23.7,33.7,10,27,18,9,531.5,608,76.5,1.519,308.2,0.68,0.04,no,0
23.5,32.6,9.2,26.4,18.2,8.2,535.5,608.5,73,1.177,274.3,0.557,0.04,no,0
23,31.6,8.6,28.6,19.4,9.2,538.5,580.5,42,1.224,236.5,0.568,0.04,no,0
22.2,30.6,8.4,36.6,22,14.6,530.5,601.5,71,1.154,197.1,0.543,0.04,no,0
17.6,26.1,8.5,64.6,51,13.6,552.5,605,52.5,0.718,315.1,0.412,0.04,no,0
17.7,26.3,8.6,64.8,49.1,15.7,546.5,621,74.5,0.753,257.6,0.423,0.04,no,0
17.6,26,8.4,64.7,47.1,17.6,572.5,613,40.5,0.776,226.8,0.427,0.04,no,0
18.1,26.7,8.6,64.4,46.7,17.7,547,602.5,55.5,1.281,297.6,0.589,0.04,no,0
19.3,29.4,10.1,61.2,43.4,17.8,544,591.5,47.5,1.237,500.3,0.587,0.04,no,0
19.5,31.3,11.9,58.4,39.5,18.9,551.5,605,53.5,0.944,505.7,0.513,0.04,no,0
20.2,33.5,13.3,58.2,37.2,21,553.5,599.5,46,0.966,533,0.533,0.04,no,0
20.9,35.6,14.7,55.2,34.6,20.6,532.5,586.5,54,0.463,581.2,0.431,0.04,no,0
21.5,36.9,15.4,53.7,31.8,21.9,544.5,587,42.5,1.335,600.3,0.662,0.04,no,0
21.9,37.7,15.8,52.1,29.8,22.3,548,605.5,57.5,0.935,623.9,0.548,0.04,no,0
22.7,39.1,16.4,50.4,28.7,21.7,543,596.5,53.5,1.668,643.9,0.777,0.04,no,0
22.9,39.9,17.1,50.6,26.3,24.3,545,594,49,1.248,656.4,0.648,0.04,no,0
23.1,40.4,17.4,49.2,25.4,23.8,544.5,590,45.5,2.212,657.1,0.971,0.04,no,0
23.8,41.5,17.7,47.5,23.9,23.6,540,578.5,38.5,1.56,703,0.75,0.04,no,0
23.9,41.3,17.4,46.3,23.5,22.8,532,590.5,58.5,1.904,720.3,0.863,0.04,no,0
24.5,41.7,17.3,43,22.2,20.8,543,601.5,58.5,2.541,731.4,1.088,0.04,no,0
24.6,42,17.4,42.3,22,20.3,548,595,47,2.54,741.3,1.089,0.04,no,0
24.3,42.3,18,43.4,21,22.4,536,609.5,73.5,1.939,753.2,0.878,0.04,no,0
24.6,42.9,18.3,41.5,19.9,21.6,525.5,577,51.5,2.323,753,1.015,0.04,no,0
25,43.2,18.2,39.1,19.3,19.8,535,564,29,3.251,753.3,1.355,0.04,no,0
25.3,43.7,18.5,38.7,18.9,19.8,539,594,55,2.76,760.3,1.174,0.04,no,0
25.5,43.8,18.3,37.4,18.4,19,542.5,599.5,57,2.925,766.4,1.234,0.04,no,0
25.6,44,18.4,35.5,17.7,17.8,520.5,593.5,73,2.858,760.7,1.209,0.04,no,0
25.9,44,18.1,35.3,17.7,17.6,532.5,602.5,70,2.523,760.6,1.086,0.04,no,0
26.3,44.1,17.8,35.6,17.6,18,525,594.5,69.5,2.829,756.1,1.196,0.04,no,0
26.2,44.7,18.5,35,17.2,17.8,542,601.5,59.5,2.528,746.7,1.089,0.04,no,0
26.3,44.6,18.3,35.4,17,18.4,527,605.5,78.5,2.259,740.9,0.991,0.04,no,0
26.9,45.4,18.5,34.9,17.1,17.8,548.5,602,53.5,1.89,733.6,0.864,0.04,no,0
26.8,45.3,18.5,33.2,16.1,17.1,537,591.5,54.5,2.371,725.5,1.032,0.04,no,0
27,44.7,17.7,35.8,17.1,18.7,514,595.5,81.5,2.305,712.5,1.005,0.04,no,0
26.8,44.1,17.3,34.4,16.6,17.8,542,595,53,2.491,688.6,1.07,0.04,no,0
26.6,43.2,16.7,33.2,16.8,16.4,542,602.5,60.5,3.283,675.6,1.361,0.04,no,0
26.5,43,16.5,33,16.9,16.1,520,602,82,3.284,661.1,1.361,0.04,no,0
26.2,43,16.8,34.6,17,17.6,534,601.5,67.5,2.055,638.5,0.911,0.04,no,0
26.3,42.9,16.6,35,17.9,17.1,526,617,91,1.95,608.3,0.873,0.04,no,0
26.5,42.5,16,34.8,17.3,17.5,522.5,606.5,84,1.495,581.7,0.716,0.04,no,0
26.3,41.6,15.3,34.9,17.7,17.2,515.5,622,106.5,2.763,558.1,1.161,0.04,no,0
26.2,40.8,14.6,34.3,18.1,16.2,529.5,619.5,90,2.518,535.1,1.067,0.04,no,0
26.2,40.2,14.1,34.1,18.2,15.9,527.5,608,80.5,2.167,504.7,0.936,0.04,no,0
26.2,39.3,13.1,34.3,19.2,15.1,533,608,75,3.002,476.2,1.241,0.04,no,0
26.1,38.7,12.6,34.9,19.6,15.3,531.5,625,93.5,2.962,445.2,1.224,0.04,no,0
25.3,37.3,12,35.8,19.9,15.9,546,611,65,2.511,412.3,1.052,0.04,no,0
25.3,36.5,11.2,36.3,21.1,15.2,527.5,614,86.5,3.439,380.7,1.4,0.04,no,0
24.9,35.4,10.5,36.1,21.8,14.3,533,604,71,3.663,349.6,1.483,0.04,no,0
24.8,34.3,9.5,37.3,22.9,14.4,533,595,62,2.923,318.4,1.196,0.04,no,0
24.6,33.5,9,37,23.5,13.5,523.5,578,54.5,2.465,289.1,1.02,0.04,no,0
24.2,32.6,8.4,36.9,24.5,12.4,528,603,75,2.795,262.1,1.142,0.04,no,0
23.8,31.5,7.7,38.1,25.4,12.7,544.5,592,47.5,2.757,227.6,1.125,0.04,no,0
23.5,30.6,7.1,39,26.5,12.5,524,588,64,2.317,203.7,0.954,0.04,no,0
21,29.3,8.4,56.5,49,7.5,540.5,588.5,48,1.279,397.5,0.585,0.04,no,0
21.3,30.4,9.1,50.6,43.1,7.5,532,586,54,2.011,432.8,0.852,0.04,no,0
20.9,30,9.1,49.7,39.4,10.3,529.5,577,47.5,2.661,372.8,1.095,0.04,no,0
21.5,30.6,9.1,48.4,37.6,10.8,525,578.5,53.5,2.839,430.1,1.163,0.04,no,0
22,31.6,9.6,46.9,36.6,10.3,523.5,570.5,47,3.059,483.6,1.249,0.04,no,0
22.6,33.4,10.8,45.3,33.8,11.5,523,568,45,3.919,595.9,1.584,0.04,no,0
22.9,34.7,11.8,46.1,31.4,14.7,528,574,46,3.618,587.5,1.471,0.04,no,0
23,35.4,12.4,44.7,29.2,15.5,517,571.5,54.5,3.126,533.4,1.286,0.04,no,0
23.5,36.3,12.8,45.5,27.8,17.7,527.5,582,54.5,2.944,619.2,1.218,0.04,no,0
24,37.6,13.6,42.8,27.3,15.5,530.5,576.5,46,2.611,703.5,1.097,0.04,no,0
24.5,38.9,14.4,43.5,25,18.5,524,566.5,42.5,2.563,717,1.083,0.04,no,0
24.6,39.4,14.8,40.8,23.7,17.1,524,579.5,55.5,3.114,671.3,1.29,0.04,no,0
24.9,40.1,15.3,39.5,22.1,17.4,526.5,564.5,38,3.379,733.7,1.392,0.04,no,0
24.5,39.5,15,39.2,21.8,17.4,513.5,590,76.5,2.455,624.6,1.046,0.04,no,0
24.7,38.8,14.2,40.8,23.5,17.3,533,571.5,38.5,2.74,536,1.147,0.04,no,0
25,40,15,39.2,21.4,17.8,516,584,68,3.389,782.7,1.395,0.04,no,0
23.8,36.9,13.1,40.6,22.9,17.7,525,597.5,72.5,4.537,437.4,1.829,0.04,no,0
23.2,34.9,11.7,40.5,24.3,16.2,522,603,81,3.776,328.7,1.531,0.04,no,0
23.7,35.7,12,41.6,24.6,17,509.5,564.5,55,3.78,559.5,1.534,0.04,no,0
23.8,36.9,13.1,41,22.6,18.4,513,565,52,4.139,720.2,1.675,0.04,no,0
24.4,38.4,14,40.6,22,18.6,514.5,535.5,21,3.494,698.9,1.431,0.04,no,0
25,40,15,38.5,20.4,18.1,515.5,553.5,38,3.636,757.2,1.489,0.04,no,0
25.1,40.6,15.5,39.3,20.2,19.1,533.5,561.5,28,3.795,769.5,1.551,0.04,no,0
25.4,41.2,15.8,36.9,19.9,17,507.5,564.5,57,3.154,795.2,1.309,0.04,no,0
25.5,41.3,15.9,36.4,19.1,17.3,524.5,579.5,55,4.033,740.8,1.643,0.04,no,0
24.9,40.2,15.4,38.5,19.5,19,534.5,571.5,37,3.626,605.5,1.486,0.04,no,0
24.9,40.7,15.8,38.9,19.3,19.6,528.5,582.5,54,3.411,709.2,1.406,0.04,no,0
25,40.8,15.9,37.7,18.8,18.9,513,573,60,4.187,744.7,1.702,0.04,no,0
25.4,40.4,15,36.2,19.8,16.4,523.5,591,67.5,4.386,653.6,1.776,0.04,no,0
25.7,41,15.4,36.6,18.9,17.7,535.5,577,41.5,2.723,725,1.146,0.04,no,0
25.4,40.6,15.3,36.3,19.1,17.2,525,593,68,3.182,696.6,1.317,0.04,no,0
25.5,40.3,14.9,37.2,19,18.2,544,592.5,48.5,3.988,678.4,1.623,0.04,no,0
25.4,40.3,14.9,36.8,19.2,17.6,517.5,587.5,70,3.717,656.9,1.519,0.04,no,0
24.9,40,15.2,37.1,19,18.1,525,572.5,47.5,3.024,638.2,1.258,0.04,no,0
25,39.8,14.9,37.7,19.2,18.5,525,600.5,75.5,3.11,616.6,1.289,0.04,no,0
25.3,39.5,14.2,37.6,20.1,17.5,539,600,61,2.808,590,1.173,0.04,no,0
25.3,38.7,13.5,36.7,19.8,16.9,512.5,605.5,93,3.998,565.2,1.622,0.04,no,0
24.9,38,13.1,38,19.9,18.1,510.5,582,71.5,3.822,538,1.553,0.04,no,0
25,37.6,12.6,37.6,21,16.6,531,595,64,3.113,508.4,1.281,0.04,no,0
24.8,36.6,11.8,38.1,21.1,17,504.5,591.5,87,4.482,472,1.804,0.04,no,0
24.7,35.9,11.2,37.9,22.3,15.6,519.5,617,97.5,4.248,451.1,1.712,0.04,no,0
24.4,35.2,10.8,38.9,22.6,16.3,518,597,79,4.078,422.7,1.645,0.04,no,0
24,34.4,10.5,40,23.6,16.4,526.5,592.5,66,3.783,372.9,1.53,0.04,no,0
23.8,33.4,9.7,41.1,24.8,16.3,517,602,85,3.453,332.1,1.4,0.04,no,0
23.3,32.3,9,40.1,25.3,14.8,507.5,590.5,83,3.979,324.5,1.601,0.04,no,0
23,31.2,8.2,40.5,26.1,14.4,512,586,74,4.288,306.2,1.718,0.04,no,0
22.6,30.1,7.6,42,27.8,14.2,528,587.5,59.5,4.255,265.9,1.704,0.04,no,0
21.9,28.8,6.9,42.4,28.8,13.6,522.5,595.5,73,3.472,227.1,1.397,0.04,no,0
21.4,27.4,6,43.2,30.3,12.9,527.5,586.5,59,3.387,187.2,1.361,0.04,no,0
19.5,28.3,8.9,65.9,55.1,10.8,553.5,598,44.5,0.21,377.1,0.315,0.04,no,0
20.5,30.3,9.8,63.5,52.1,11.4,538.5,589.5,51,1.058,409.3,0.526,0.04,no,0
21.1,31.6,10.6,53.2,45.1,8.1,543.5,586,42.5,1.143,443.5,0.56,0.04,no,0
22,33.4,11.4,53.4,41.8,11.6,518,561,43,1.48,485.7,0.678,0.04,no,0
22.8,34.8,12,51.1,38.2,12.9,528.5,582.5,54,0.825,473.9,0.48,0.04,no,0
23,35.8,12.8,48.1,33.9,14.2,524.5,566.5,42,1.883,536.6,0.828,0.04,no,0
23.2,36.3,13.2,46.3,29.2,17.1,513.5,576.5,63,1.965,559.7,0.859,0.04,no,0
23.7,36.9,13.3,44.5,28.4,16.1,531.5,562.5,31,2.896,584.4,1.202,0.04,no,0
24,37.7,13.8,43,27.1,15.9,518.5,577.5,59,2.741,566,1.146,0.04,no,0
24.4,38.4,14,42.5,26,16.5,531.5,580,48.5,2.514,621.8,1.063,0.04,no,0
24.5,39,14.5,41.2,24,17.2,519.5,578,58.5,3.017,682.5,1.253,0.04,no,0
24.5,38.9,14.4,42.2,24.1,18.1,528,584,56,2.495,643.3,1.058,0.04,no,0
24.7,39,14.4,40,23.8,16.2,530,571.5,41.5,2.965,591.4,1.232,0.04,no,0
25.4,41.1,15.7,40.6,23.1,17.5,517,577.5,60.5,2.738,752.2,1.153,0.04,no,0
25.5,40.8,15.3,40.1,21.6,18.5,536.5,581.5,45,3.575,697.2,1.466,0.04,no,0
25.4,40.6,15.2,39.7,21.5,18.2,513,583.5,70.5,3.038,713.3,1.263,0.04,no,0
25.9,41.4,15.5,39.1,21.5,17.6,517,571.5,54.5,2.468,770.4,1.053,0.04,no,0
26.5,42.9,16.5,38.7,20.3,18.4,521.5,577,55.5,4.502,788.7,1.825,0.04,no,0
25.9,42.8,16.9,38.6,19.6,19,525.5,584,58.5,3.607,747.6,1.484,0.04,no,0
25.9,42.6,16.7,37.6,19,18.6,528,589.5,61.5,3.856,693.4,1.578,0.04,no,0
25.1,40.5,15.4,38.5,19.9,18.6,528,604.5,76.5,3.705,601.1,1.516,0.04,no,0
25.6,40.2,14.7,39.5,21.1,18.4,533,584,51,4.745,524.5,1.914,0.04,no,0
25.1,39.4,14.3,39,20.9,18.1,524,585,61,4.633,613.3,1.869,0.04,no,0
24.7,37.5,12.8,41.1,22.2,18.9,525,600,75,4.523,464.2,1.823,0.04,no,0
25.1,38.3,13.2,40.6,22,18.6,525,583.5,58.5,3.444,514.1,1.409,0.04,no,0
24.8,37.3,12.5,40.3,22.9,17.4,528,577,49,3.548,499,1.446,0.04,no,0
24.1,35.3,11.2,42.4,24.2,18.2,537.5,596,58.5,4.144,360.8,1.672,0.04,no,0
24,34.3,10.3,42.7,25.9,16.8,520,582,62,4.477,408.4,1.798,0.04,no,0
24.5,35.2,10.7,41.3,25.4,15.9,513.5,583.5,70,3.937,513.4,1.59,0.04,no,0
24.7,35.8,11.1,40.6,24.7,15.9,520,561.5,41.5,4.074,521.8,1.644,0.04,no,0
24.9,36.8,11.9,39.7,23.8,15.9,518,576,58,3.137,621.1,1.287,0.04,no,0
25.1,37.9,12.8,39.2,22.3,16.9,516.5,588,71.5,3.847,659.3,1.562,0.04,no,0
25.1,38.4,13.3,39.6,21.6,18,509.5,581,71.5,4.276,676.7,1.729,0.04,no,0
25.7,39.5,13.8,39.5,21.7,17.8,520.5,568.5,48,3.314,702.8,1.362,0.04,no,0
25.5,38.8,13.4,38.9,21.4,17.5,525,581.5,56.5,3.826,563.5,1.556,0.04,no,0
24.8,37.4,12.7,39.6,21.8,17.8,524,579,55,3.868,490.1,1.57,0.04,no,0
24.8,36.7,12,39.5,22.6,16.9,527,578.5,51.5,3.748,563.2,1.521,0.04,no,0
24.2,35.8,11.7,40.4,22.6,17.8,515.5,576.5,61,3.895,477.9,1.577,0.04,no,0
24.3,35.5,11.2,40.4,23.4,17,520,583.5,63.5,4.171,479.6,1.682,0.04,no,0
24.1,34.5,10.4,40.7,24,16.7,539,607.5,68.5,3.673,453.9,1.487,0.04,no,0
23.4,32.8,9.4,42.4,25.9,16.5,522,598,76,4.363,300.7,1.751,0.04,no,0
23.4,32.5,9.1,42.8,26.8,16,517.5,590,72.5,3.224,371.1,1.309,0.04,no,0
23,31.5,8.5,45.2,27.8,17.4,525.5,593,67.5,2.827,297.1,1.155,0.04,no,0
22.5,30.2,7.8,45.6,29.4,16.2,530.5,580.5,50,2.543,228.8,1.044,0.04,no,0
22.4,29.3,7,45.2,30.4,14.8,530.5,576.5,46,3.051,241.2,1.235,0.04,no,0
22,28.1,6.1,46.2,32.3,13.9,524.5,599,74.5,3.225,148,1.298,0.04,no,0
22.1,27.6,5.5,46.9,34.1,12.8,513.5,594.5,81,2.381,157.9,0.97,0.04,no,0
21.9,27.1,5.2,45.9,33.8,12.1,533.5,588,54.5,2.912,178.3,1.173,0.04,no,0
21.8,26.6,4.8,46.9,35.4,11.5,515,583.5,68.5,3.038,143,1.22,0.04,no,0
16.8,23.8,7,45.1,40.8,4.3,543.5,607,63.5,1.576,409.4,1.746,0.09,no,0
17.2,24.6,7.4,42.5,37.3,5.2,543,603.5,60.5,1.707,442.7,1.863,0.09,no,0
17.6,25.4,7.9,42.9,36,6.9,522.5,598,75.5,1.342,476.5,1.607,0.09,no,0
18,26.3,8.3,41.2,34.7,6.5,543,599,56,1.802,505.7,1.967,0.09,no,0
17.9,25.9,8,37.2,31.4,5.8,520.5,590,69.5,2.583,536,2.594,0.09,no,0
18,26.1,8.1,37.4,30.2,7.2,529.5,611.5,82,3.66,564.9,3.53,0.09,no,0
18,26.4,8.4,35.8,31,4.8,527.5,589.5,62,3.171,592.1,3.108,0.09,no,0
18,26.5,8.5,38.6,29.6,9,522,598.5,76.5,3.242,616.5,3.172,0.09,no,0
18.3,27,8.8,37,28.1,8.9,526.5,585.5,59,3.313,640.1,3.239,0.09,no,0
18.3,27.8,9.5,36.1,27.7,8.4,534,601.5,67.5,3.618,664.5,3.519,0.09,no,0
19.1,28.7,9.7,35.6,27.4,8.2,526,583.5,57.5,3.266,686,3.216,0.09,no,0
19.7,30.1,10.4,35.5,26.8,8.7,510,589,79,3.351,703.4,3.304,0.09,no,0
20.3,31,10.7,35.1,25,10.1,528,579,51,3.113,718.4,3.107,0.09,no,0
20.6,31.2,10.7,33.2,23.1,10.1,529.5,597,67.5,3.503,733,3.44,0.09,no,0
20.7,31,10.4,33.4,23.9,9.5,536,596,60,4.336,746.8,4.164,0.09,no,0
20.7,31.1,10.4,33.8,21.7,12.1,525.5,606,80.5,3.762,759,3.66,0.09,no,0
21.1,31.1,10.1,34.2,22.2,12,538.5,589,50.5,3.932,768.6,3.803,0.09,no,0
21.4,31.9,10.5,32.8,21.7,11.1,515.5,592,76.5,3.751,777,3.652,0.09,no,0
21.6,32.7,11.1,33.6,22.4,11.2,526,585.5,59.5,3.823,783.5,3.725,0.09,no,0
22,33.1,11.2,31.5,21.7,9.8,520.5,583.5,63,3.899,791.7,3.792,0.09,no,0
21.9,33,11.1,31.9,21.3,10.6,524,581,57,4.226,794.4,4.077,0.09,no,0
22.5,34.4,12,32.2,22.5,9.7,525,591,66,2.794,788.1,2.864,0.09,no,0
23,35.3,12.4,31.2,20.3,10.9,511,591,80,2.873,786.4,2.939,0.09,no,0
23.3,36.1,12.8,31.8,21,10.8,531.5,601,69.5,3.462,784.6,3.444,0.09,no,0
23.8,36.3,12.5,30.7,19.8,10.9,519.5,575,55.5,2.869,778.1,2.938,0.09,no,0
23,35.8,12.8,31.1,19.6,11.5,515.5,605.5,90,4.173,769.6,4.057,0.09,no,0
23.4,35.8,12.5,32.6,18.8,13.8,521.5,582,60.5,4.065,763.3,3.958,0.09,no,0
23.9,36,12.1,30,19.3,10.7,521,580,59,3.3,753.5,3.291,0.09,no,0
24,36,12.1,30.7,19.6,11.1,520.5,596.5,76,4.436,744.3,4.276,0.09,no,0
24.2,36.1,12,30.4,19.6,10.8,511.5,587.5,76,4.084,728.7,3.966,0.09,no,0
23.9,35.8,12,31.6,20,11.6,516,582.5,66.5,3.933,713.5,3.834,0.09,no,0
23.9,35.4,11.6,30.5,19,11.5,526.5,587.5,61,3.967,697.3,3.858,0.09,no,0
23.9,35,11.1,30,19.6,10.4,538,598,60,3.742,677,3.652,0.09,no,0
24.1,34.7,10.7,30.8,19.7,11.1,535,581.5,46.5,3.77,655.8,3.669,0.09,no,0
24.3,34.9,10.6,28.8,20,8.8,537.5,580,42.5,3.871,634,3.757,0.09,no,0
24.1,34.7,10.6,29.1,19.4,9.7,530.5,581.5,51,3.002,611.5,3.006,0.09,no,0
23.8,34,10.2,30.7,19.7,11,530.5,585,54.5,2.61,584.4,2.668,0.09,no,0
23,33,10,31.3,20,11.3,527,591,64,3.303,556.5,3.251,0.09,no,0
23.5,33,9.5,31.1,20.7,10.4,529,583,54,2.911,533,2.906,0.09,no,0
22.8,32.2,9.4,32.3,20.6,11.7,515.5,574.5,59,2.98,503.8,2.962,0.09,no,0
22.8,31.7,9,30.8,20.6,10.2,519,579.5,60.5,3.348,470.8,3.27,0.09,no,0
23,31.2,8.2,31.6,22,9.6,525.5,575.5,50,3.41,437.1,3.31,0.09,no,0
22.4,30.8,8.4,33.1,22.1,11,534.5,562.5,28,2.98,406.3,2.94,0.09,no,0
22.2,30.2,8,32.8,23.2,9.6,527.5,577,49.5,3.1,372.3,3.036,0.09,no,0
22.3,29.5,7.2,33.7,23.1,10.6,512.5,582.5,70,2.911,335.3,2.854,0.09,no,0
22.3,28.9,6.6,34.9,25.2,9.7,532.5,564.5,32,3.116,305.9,3.02,0.09,no,0
22.2,28,5.8,33.3,24.7,8.6,534.5,583,48.5,2.473,269.9,2.441,0.09,no,0
21.9,27.2,5.3,33.8,25.5,8.3,534,570.5,36.5,2.65,236.3,2.58,0.09,no,0
21.2,25.9,4.7,35.2,26.8,8.4,507.5,592.5,85,3.353,183.9,3.188,0.09,no,0
18.1,25.4,7.4,54.3,47.2,7.1,562,607,45,1.196,404.4,1.482,0.09,no,0
18.2,26,7.8,54.4,42.4,12,533,597,64,1.023,436.3,1.388,0.09,no,0
18.5,27,8.5,52.4,40.5,11.9,544.5,598.5,54,1.395,468.9,1.67,0.09,no,0
18.5,27.7,9.2,52,40,12,544,597.5,53.5,1.731,493,1.941,0.09,no,0
19.1,28.6,9.5,51.9,37.4,14.5,552.5,599.5,47,1.076,521.6,1.497,0.09,no,0
19.5,29.3,9.9,49.6,36.3,13.3,554,605.5,51.5,1.181,549.5,1.579,0.09,no,0
19.7,30.2,10.6,49,34.5,14.5,543,604,61,1.156,575,1.594,0.09,no,0
19.8,31.4,11.6,46.1,33.1,13,530,602.5,72.5,1.234,601.3,1.685,0.09,no,0
20.9,32.5,11.6,48.8,31.9,16.9,547.5,603,55.5,0.72,621.6,1.407,0.09,no,0
21,33.1,12.1,46.1,30.6,15.5,561.5,601,39.5,0.759,639.3,1.447,0.09,no,0
21.3,33.9,12.6,44.3,28.6,15.7,535.5,595,59.5,0.85,662.3,1.507,0.09,no,0
22.1,35.2,13.2,42.5,27.5,15,549,587.5,38.5,0.79,681.8,1.504,0.09,no,0
21.8,35.7,14,42.5,26.5,16,532.5,598.5,66,1.218,699,1.76,0.09,no,0
22.3,36.5,14.2,43,25.9,17.1,537.5,591,53.5,0.97,716.1,1.632,0.09,no,0
23,37.3,14.3,40.8,25,15.8,533,598.5,65.5,1.208,731.3,1.766,0.09,no,0
23.1,37.7,14.6,40.1,24.2,15.9,543,602,59,1.511,744.1,1.964,0.09,no,0
23.5,38,14.5,39.6,23.9,15.7,537,614,77,1.27,755.1,1.808,0.09,no,0
23.8,38.9,15.2,39.5,23.2,16.3,536,601,65,1.418,764,1.923,0.09,no,0
24.1,39.4,15.4,39.9,23,16.9,537.5,603.5,66,1.735,768.4,2.137,0.09,no,0
24.1,39.6,15.5,39,21.8,17.2,527.5,606,78.5,1.38,772.3,1.909,0.09,no,0
24.3,40,15.8,37.9,21.6,16.3,530,608,78,1.477,777.1,1.979,0.09,no,0
24.2,40.5,16.3,35.6,21,14.6,526.5,599,72.5,1.212,779,1.84,0.09,no,0
24,40.4,16.4,36.7,20.6,16.1,531.5,593,61.5,1.155,782.9,1.811,0.09,no,0
24.8,40.8,16,35.7,20,15.7,543,603.5,60.5,0.882,780,1.658,0.09,no,0
24.8,40,15.2,35.1,19.4,15.7,535.5,604.5,69,2.18,773.6,2.453,0.09,no,0
24.7,40.3,15.6,33.3,20.4,12.9,536.5,608.5,72,1.458,763.1,1.961,0.09,no,0
25.1,41,15.9,33.5,19.8,13.7,535.5,586.5,51,1.001,751,1.711,0.09,no,0
25.6,41.7,16.1,33.5,18.1,15.4,530.5,617,86.5,1.213,743.3,1.827,0.09,no,0
25.7,41.6,15.9,32.9,17.7,15.2,539.5,606.5,67,1.351,733.1,1.902,0.09,no,0
25.6,41.3,15.7,33,18.1,14.9,548,606.5,58.5,1.431,722.3,1.944,0.09,no,0
25.4,41.3,15.9,33.9,18.8,15.1,544.5,611.5,67,1.191,706,1.81,0.09,no,0
25.8,41.3,15.5,27.9,16,11.9,524.5,617,92.5,1.133,686.9,1.762,0.09,no,0
25.2,39.7,14.5,26.9,16.1,10.8,525,605,80,3.058,678,3.136,0.09,no,0
25.4,39.5,14.1,27.6,16.4,11.2,527.5,595.5,68,1.503,654.2,1.936,0.09,no,0
25.6,39.5,14,26,16.1,9.9,525.5,586,60.5,2.103,636.8,2.361,0.09,no,0
25.1,38.7,13.6,26.5,16.6,9.9,528,588,60,2.709,616.6,2.829,0.09,no,0
25.3,38.3,13,28.6,16.5,12.1,527.5,599,71.5,1.492,590.4,1.892,0.09,no,0
24.7,37.1,12.4,27.8,17.4,10.4,526.5,596.5,70,2.906,566.2,2.964,0.09,no,0
24.7,37,12.3,30,17.9,12.1,531.5,586.5,55,1.715,534.1,2.027,0.09,no,0
24.9,37.1,12.2,28.2,18.4,9.8,536,592.5,56.5,1.769,504.6,2.062,0.09,no,0
24.8,36.2,11.4,28.7,17.6,11.1,524,592,68,1.904,471.2,2.137,0.09,no,0
24.6,35.3,10.8,27.4,17.4,10,537,580,43,2.202,443.9,2.351,0.09,no,0
24.4,34.3,9.9,23.6,16,7.6,522.5,587.5,65,2.368,412.8,2.46,0.09,no,0
24.1,33.2,9.1,25.4,17,8.4,540.5,580.5,40,2.377,380.1,2.448,0.09,no,0
23.9,32.4,8.5,26.5,18.3,8.2,528,565.5,37.5,1.685,343.1,1.876,0.09,no,0
23.7,31.8,8.1,27,19,8,531.5,584.5,53,1.519,308.2,1.737,0.09,no,0
23.5,30.8,7.4,26.4,19,7.4,535.5,584.5,49,1.177,274.3,1.465,0.09,no,0
23,30.2,7.2,28.6,21.2,7.4,538.5,576.5,38,1.224,236.5,1.488,0.09,no,0
22.2,29.1,6.9,36.6,25.3,11.3,530.5,583.5,53,1.154,197.1,1.426,0.09,no,0
17.6,24,6.4,64.6,52.1,12.5,552.5,607.5,55,0.718,315.1,1.138,0.09,no,0
17.7,24.2,6.5,64.8,50,14.8,546.5,609,62.5,0.753,257.6,1.162,0.09,no,0
17.6,23.8,6.2,64.7,49.2,15.5,572.5,627,54.5,0.776,226.8,1.157,0.09,no,0
18.1,24.4,6.3,64.4,50,14.4,547,603,56,1.281,297.6,1.496,0.09,no,0
19.3,26.7,7.4,61.2,48,13.2,544,619,75,1.237,500.3,1.511,0.09,no,0
19.5,28.1,8.7,58.4,43.8,14.6,551.5,607.5,56,0.944,505.7,1.381,0.09,no,0
20.2,29.8,9.6,58.2,41.3,16.9,553.5,598.5,45,0.966,533,1.436,0.09,no,0
20.9,31.5,10.6,55.2,38.4,16.8,532.5,609,76.5,0.463,581.2,1.259,0.09,no,0
21.5,32.6,11.1,53.7,36.8,16.9,544.5,609.5,65,1.335,600.3,1.727,0.09,no,0
21.9,33,11.1,52.1,33,19.1,548,610,62,0.935,623.9,1.485,0.09,no,0
22.7,34.2,11.5,50.4,33.6,16.8,543,595.5,52.5,1.668,643.9,1.968,0.09,no,0
22.9,34.7,11.9,50.6,30.2,20.4,545,609.5,64.5,1.248,656.4,1.697,0.09,no,0
23.1,35.2,12.1,49.2,30.5,18.7,544.5,612,67.5,2.212,657.1,2.398,0.09,no,0
23.8,36.5,12.7,47.5,29.5,18,540,590,50,1.56,703,1.932,0.09,no,0
23.9,37,13.2,46.3,27.9,18.4,532,593,61,1.904,720.3,2.192,0.09,no,0
24.5,36.9,12.4,43,26.2,16.8,543,622,79,2.541,731.4,2.665,0.09,no,0
24.6,36.8,12.2,42.3,26,16.3,548,601,53,2.54,741.3,2.659,0.09,no,0
24.3,37.7,13.4,43.4,26,17.4,536,594.5,58.5,1.939,753.2,2.224,0.09,no,0
24.6,37.9,13.3,41.5,23.7,17.8,525.5,602,76.5,2.323,753,2.513,0.09,no,0
25,37.9,12.9,39.1,23.7,15.4,535,603.5,68.5,3.251,753.3,3.264,0.09,no,0
25.3,38.1,12.9,38.7,23.8,14.9,539,592.5,53.5,2.76,760.3,2.855,0.09,no,0
25.5,38.4,12.9,37.4,22.6,14.8,542.5,585,42.5,2.925,766.4,2.991,0.09,no,0
25.6,38.6,13,35.5,21.4,14.1,520.5,603.5,83,2.858,760.7,2.938,0.09,no,0
25.9,38.8,12.9,35.3,21.1,14.2,532.5,606,73.5,2.523,760.6,2.662,0.09,no,0
26.3,38.8,12.6,35.6,21.1,14.5,525,603,78,2.829,756.1,2.904,0.09,no,0
26.2,39.7,13.6,35,21.4,13.6,542,598.5,56.5,2.528,746.7,2.681,0.09,no,0
26.3,39.8,13.5,35.4,20.8,14.6,527,587,60,2.259,740.9,2.467,0.09,no,0
26.9,40.7,13.8,34.9,20.5,14.4,548.5,601.5,53,1.89,733.6,2.196,0.09,no,0
26.8,40.5,13.7,33.2,19,14.2,537,604.5,67.5,2.371,725.5,2.56,0.09,no,0
27,40.3,13.3,35.8,20.6,15.2,514,593,79,2.305,712.5,2.498,0.09,no,0
26.8,39.9,13.1,34.4,19.5,14.9,542,600.5,58.5,2.491,688.6,2.639,0.09,no,0
26.6,38.9,12.4,33.2,20,13.2,542,578.5,36.5,3.283,675.6,3.28,0.09,no,0
26.5,38.6,12.1,33,20.1,12.9,520,594.5,74.5,3.284,661.1,3.275,0.09,no,0
26.2,38.8,12.6,34.6,20.7,13.9,534,590,56,2.055,638.5,2.284,0.09,no,0
26.3,39.5,13.2,35,21.2,13.8,526,601.5,75.5,1.95,608.3,2.223,0.09,no,0
26.5,39.2,12.7,34.8,20.1,14.7,522.5,600,77.5,1.495,581.7,1.884,0.09,no,0
26.3,38.2,11.9,34.9,20.4,14.5,515.5,585,69.5,2.763,558.1,2.834,0.09,no,0
26.2,37.6,11.4,34.3,20.8,13.5,529.5,581.5,52,2.518,535.1,2.621,0.09,no,0
26.2,36.9,10.7,34.1,20.9,13.2,527.5,596.5,69,2.167,504.7,2.319,0.09,no,0
26.2,36.4,10.3,34.3,21.7,12.6,533,575.5,42.5,3.002,476.2,2.998,0.09,no,0
26.1,35.9,9.9,34.9,22.3,12.6,531.5,582.5,51,2.962,445.2,2.955,0.09,no,0
25.3,34.9,9.6,35.8,22.9,12.9,546,584,38,2.511,412.3,2.57,0.09,no,0
25.3,34,8.8,36.3,23.6,12.7,527.5,596.5,69,3.439,380.7,3.344,0.09,no,0
24.9,33,8.1,36.1,24.3,11.8,533,574,41,3.663,349.6,3.528,0.09,no,0
24.8,32.2,7.4,37.3,25.7,11.6,533,578.5,45.5,2.923,318.4,2.867,0.09,no,0
24.6,31.6,7,37,25.8,11.2,523.5,594,70.5,2.465,289.1,2.465,0.09,no,0
24.2,30.6,6.4,36.9,26.5,10.4,528,577.5,49.5,2.795,262.1,2.733,0.09,no,0
23.8,29.7,5.9,38.1,27.9,10.2,544.5,586,41.5,2.757,227.6,2.689,0.09,no,0
23.5,28.9,5.4,39,28.7,10.3,524,580,56,2.317,203.7,2.296,0.09,no,0
21,27,6.1,56.5,48.5,8,540.5,614.5,74,1.279,397.5,1.48,0.09,no,0
21.3,27.7,6.4,50.6,42.6,8,532,604,72,2.011,432.8,2.067,0.09,no,0
20.9,27,6.1,49.7,40.5,9.2,529.5,588,58.5,2.661,372.8,2.611,0.09,no,0
21.5,27.4,5.9,48.4,39.8,8.6,525,593.5,68.5,2.839,430.1,2.761,0.09,no,0
22,28,6,46.9,39.2,7.7,523.5,585.5,62,3.059,483.6,2.957,0.09,no,0
22.6,29.2,6.7,45.3,36.7,8.6,523,591.5,68.5,3.919,595.9,3.731,0.09,no,0
22.9,30.2,7.3,46.1,35.3,10.8,528,594.5,66.5,3.618,587.5,3.475,0.09,no,0
23,31.1,8.1,44.7,33.1,11.6,517,573.5,56.5,3.126,533.4,3.059,0.09,no,0
23.5,31.6,8.2,45.5,32.5,13,527.5,578,50.5,2.944,619.2,2.904,0.09,no,0
24,33.1,9.1,42.8,30,12.8,530.5,578,47.5,2.611,703.5,2.642,0.09,no,0
24.5,34.3,9.8,43.5,30,13.5,524,589,65,2.563,717,2.62,0.09,no,0
24.6,34.6,10.1,40.8,28,12.8,524,588.5,64.5,3.114,671.3,3.091,0.09,no,0
24.9,35.2,10.4,39.5,26.6,12.9,526.5,580,53.5,3.379,733.7,3.324,0.09,no,0
24.5,34.6,10.1,39.2,26.3,12.9,513.5,590.5,77,2.455,624.6,2.537,0.09,no,0
24.7,34.8,10.1,40.8,27.5,13.3,533,586,53,2.74,536,2.775,0.09,no,0
25,35.1,10.1,39.2,25.6,13.6,516,577.5,61.5,3.389,782.7,3.328,0.09,no,0
23.8,32.7,8.9,40.6,27.6,13,525,590,65,4.537,437.4,4.317,0.09,no,0
23.2,30.7,7.5,40.5,28.8,11.7,522,595,73,3.776,328.7,3.618,0.09,no,0
23.7,31.6,7.9,41.6,30,11.6,509.5,583.5,74,3.78,559.5,3.629,0.09,no,0
23.8,32.5,8.7,41,27.4,13.6,513,577.5,64.5,4.139,720.2,3.96,0.09,no,0
24.4,33.8,9.5,40.6,27,13.6,514.5,584.5,70,3.494,698.9,3.407,0.09,no,0
25,35,10,38.5,24.9,13.6,515.5,578,62.5,3.636,757.2,3.54,0.09,no,0
25.1,35.7,10.6,39.3,25,14.3,533.5,571,37.5,3.795,769.5,3.689,0.09,no,0
25.4,36.6,11.2,36.9,23.7,13.2,507.5,585.5,78,3.154,795.2,3.148,0.09,no,0
25.5,36.8,11.3,36.4,22.7,13.7,524.5,595.5,71,4.033,740.8,3.909,0.09,no,0
24.9,35.7,10.8,38.5,24.3,14.2,534.5,580,45.5,3.626,605.5,3.546,0.09,no,0
24.9,36.5,11.6,38.9,24.2,14.7,528.5,579,50.5,3.411,709.2,3.375,0.09,no,0
25,36.7,11.7,37.7,22.7,15,513,574.5,61.5,4.187,744.7,4.052,0.09,no,0
25.4,36.3,11,36.2,22.9,13.3,523.5,566.5,43,4.386,653.6,4.215,0.09,no,0
25.7,37.6,11.9,36.6,22.9,13.7,535.5,568,32.5,2.723,725,2.801,0.09,no,0
25.4,37.2,11.9,36.3,22.3,14,525,582.5,57.5,3.182,696.6,3.185,0.09,no,0
25.5,36.8,11.4,37.2,22.3,14.9,544,589.5,45.5,3.988,678.4,3.871,0.09,no,0
25.4,36.7,11.3,36.8,23.8,13,517.5,595,77.5,3.717,656.9,3.634,0.09,no,0
24.9,36.9,12.1,37.1,22.9,14.2,525,585.5,60.5,3.024,638.2,3.056,0.09,no,0
25,37,12,37.7,22.7,15,525,587.5,62.5,3.11,616.6,3.128,0.09,no,0
25.3,36.7,11.4,37.6,22.8,14.8,539,575.5,36.5,2.808,590,2.86,0.09,no,0
25.3,35.7,10.5,36.7,22.9,13.8,512.5,573.5,61,3.998,565.2,3.865,0.09,no,0
24.9,35.1,10.2,38,23.9,14.1,510.5,582.5,72,3.822,538,3.705,0.09,no,0
25,34.6,9.6,37.6,24.1,13.5,531,571,40,3.113,508.4,3.08,0.09,no,0
24.8,33.9,9.1,38.1,24.6,13.5,504.5,584.5,80,4.482,472,4.272,0.09,no,0
24.7,33.3,8.6,37.9,25.4,12.5,519.5,575,55.5,4.248,451.1,4.056,0.09,no,0
24.4,32.9,8.5,38.9,25.8,13.1,518,584,66,4.078,422.7,3.903,0.09,no,0
24,32.2,8.3,40,26.6,13.4,526.5,575.5,49,3.783,372.9,3.638,0.09,no,0
23.8,31.2,7.5,41.1,28.1,13,517,576,59,3.453,332.1,3.332,0.09,no,0
23.3,30.2,6.9,40.1,28,12.1,507.5,583.5,76,3.979,324.5,3.788,0.09,no,0
23,29,6,40.5,29.3,11.2,512,578.5,66.5,4.288,306.2,4.05,0.09,no,0
22.6,28.2,5.7,42,30.9,11.1,528,569.5,41.5,4.255,265.9,4.015,0.09,no,0
21.9,27.2,5.3,42.4,31.4,11,522.5,577.5,55,3.472,227.1,3.306,0.09,no,0
21.4,26,4.6,43.2,32.9,10.3,527.5,592,64.5,3.387,187.2,3.218,0.09,no,0
19.5,26.5,7,65.9,55.1,10.8,553.5,597.5,44,0.21,377.1,0.984,0.09,no,0
20.5,28.2,7.7,63.5,51.1,12.4,538.5,593.5,55,1.058,409.3,1.405,0.09,no,0
21.1,29.3,8.2,53.2,44,9.2,543.5,586.5,43,1.143,443.5,1.481,0.09,no,0
22,30.5,8.5,53.4,40,13.4,518,605.5,87.5,1.48,485.7,1.728,0.09,no,0
22.8,31.5,8.7,51.1,38.7,12.4,528.5,594,65.5,0.825,473.9,1.311,0.09,no,0
23,31.7,8.7,48.1,35.1,13,524.5,598,73.5,1.883,536.6,2.039,0.09,no,0
23.2,32.4,9.2,46.3,33.8,12.5,513.5,593.5,80,1.965,559.7,2.118,0.09,no,0
23.7,33,9.3,44.5,32,12.5,531.5,581,49.5,2.896,584.4,2.888,0.09,no,0
24,33.6,9.6,43,30.8,12.2,518.5,604.5,86,2.741,566,2.764,0.09,no,0
24.4,33.9,9.5,42.5,29.5,13,531.5,587.5,56,2.514,621.8,2.571,0.09,no,0
24.5,34,9.5,41.2,28.3,12.9,519.5,587,67.5,3.017,682.5,2.995,0.09,no,0
24.5,34.4,9.9,42.2,28.9,13.3,528,577,49,2.495,643.3,2.564,0.09,no,0
24.7,34.5,9.9,40,27.4,12.6,530,579.5,49.5,2.965,591.4,2.959,0.09,no,0
25.4,36.1,10.7,40.6,26.9,13.7,517,594,77,2.738,752.2,2.786,0.09,no,0
25.5,36,10.5,40.1,26.5,13.6,536.5,599,62.5,3.575,697.2,3.495,0.09,no,0
25.4,36.1,10.7,39.7,25.8,13.9,513,597,84,3.038,713.3,3.038,0.09,no,0
25.9,36.8,10.9,39.1,25.3,13.8,517,582,65,2.468,770.4,2.567,0.09,no,0
26.5,37.5,11.1,38.7,24,14.7,521.5,592,70.5,4.502,788.7,4.318,0.09,no,0
25.9,37.7,11.8,38.6,24.2,14.4,525.5,583.5,58,3.607,747.6,3.547,0.09,no,0
25.9,37.1,11.2,37.6,23.2,14.4,528,590.5,62.5,3.856,693.4,3.753,0.09,no,0
25.1,35.4,10.4,38.5,23.9,14.6,528,599,71,3.705,601.1,3.607,0.09,no,0
25.6,35,9.5,39.5,26.1,13.4,533,588.5,55.5,4.745,524.5,4.511,0.09,no,0
25.1,34.3,9.3,39,25.9,13.1,524,589.5,65.5,4.633,613.3,4.409,0.09,no,0
24.7,33,8.4,41.1,27.6,13.5,525,589.5,64.5,4.523,464.2,4.297,0.09,no,0
25.1,33.9,8.8,40.6,26.4,14.2,525,577,52,3.444,514.1,3.35,0.09,no,0
24.8,33.1,8.4,40.3,27.5,12.8,528,585.5,57.5,3.548,499,3.432,0.09,no,0
24.1,31.6,7.5,42.4,29.1,13.3,537.5,586.5,49,4.144,360.8,3.945,0.09,no,0
24,30.9,6.9,42.7,30.5,12.2,520,588,68,4.477,408.4,4.233,0.09,no,0
24.5,31.7,7.2,41.3,30.1,11.2,513.5,579,65.5,3.937,513.4,3.756,0.09,no,0
24.7,32.5,7.8,40.6,28.1,12.5,520,587,67,4.074,521.8,3.888,0.09,no,0
24.9,33.8,8.9,39.7,27.4,12.3,518,594.5,76.5,3.137,621.1,3.085,0.09,no,0
25.1,34.4,9.4,39.2,26.3,12.9,516.5,584.5,68,3.847,659.3,3.714,0.09,no,0
25.1,35,9.9,39.6,25.8,13.8,509.5,571.5,62,4.276,676.7,4.1,0.09,no,0
25.7,35.9,10.2,39.5,25.4,14.1,520.5,584,63.5,3.314,702.8,3.263,0.09,no,0
25.5,35.7,10.2,38.9,25.1,13.8,525,587,62,3.826,563.5,3.709,0.09,no,0
24.8,34.2,9.5,39.6,25.3,14.3,524,600,76,3.868,490.1,3.734,0.09,no,0
24.8,33.7,9,39.5,26.4,13.1,527,581,54,3.748,563.2,3.619,0.09,no,0
24.2,33.1,8.9,40.4,26.5,13.9,515.5,588.5,73,3.895,477.9,3.749,0.09,no,0
24.3,32.8,8.6,40.4,27.4,13,520,590.5,70.5,4.171,479.6,3.987,0.09,no,0
24.1,32.1,8,40.7,27.3,13.4,539,606,67,3.673,453.9,3.537,0.09,no,0
23.4,30.4,7.1,42.4,29.5,12.9,522,590,68,4.363,300.7,4.135,0.09,no,0
23.4,30.5,7.1,42.8,30.4,12.4,517.5,593,75.5,3.224,371.1,3.124,0.09,no,0
23,29.7,6.7,45.2,31.3,13.9,525.5,588,62.5,2.827,297.1,2.769,0.09,no,0
22.5,28.4,6,45.6,32.8,12.8,530.5,589,58.5,2.543,228.8,2.505,0.09,no,0
22.4,27.5,5.2,45.2,33.8,11.4,530.5,585,54.5,3.051,241.2,2.93,0.09,no,0
22,26.3,4.4,46.2,35.5,10.7,524.5,582.5,58,3.225,148,3.067,0.09,no,0
22.1,25.9,3.9,46.9,36.8,10.1,513.5,588,74.5,2.381,157.9,2.308,0.09,no,0
21.9,25.4,3.5,45.9,36.9,9,533.5,585.5,52,2.912,178.3,2.769,0.09,no,0
21.8,25.1,3.3,46.9,38.4,8.5,515,588.5,73.5,3.038,143,2.877,0.09,no,0
16.8,24.1,7.3,45.1,38.2,6.9,543.5,499,44.5,1.576,409.4,3.004,0.15,no,0
17.2,24.7,7.5,42.5,34.5,8,543,497.5,45.5,1.707,442.7,3.164,0.15,no,0
17.6,25.5,7.9,42.9,34.4,8.5,522.5,475,47.5,1.342,476.5,2.807,0.15,no,0
18,26.2,8.2,41.2,32.4,8.8,543,477.5,65.5,1.802,505.7,3.327,0.15,no,0
17.9,25.8,7.9,37.2,28.7,8.5,520.5,482.5,38,2.583,536,4.25,0.15,no,0
18,25.7,7.7,37.4,28.7,8.7,529.5,476.5,53,3.66,564.9,5.664,0.15,no,0
18,26.1,8.1,35.8,30.1,5.7,527.5,469,58.5,3.171,592.1,5.026,0.15,no,0
18,25.8,7.8,38.6,29.1,9.5,522,485,37,3.242,616.5,5.107,0.15,no,0
18.3,26.2,7.9,37,27.1,9.9,526.5,481.5,45,3.313,640.1,5.207,0.15,no,0
18.3,26.9,8.6,36.1,27.3,8.8,534,468,66,3.618,664.5,5.647,0.15,no,0
19.1,27.5,8.4,35.6,27.6,8,526,474,52,3.266,686,5.169,0.15,no,0
19.7,28.4,8.7,35.5,26.3,9.2,510,486,24,3.351,703.4,5.294,0.15,no,0
20.3,29,8.7,35.1,25.7,9.4,528,474.5,53.5,3.113,718.4,4.979,0.15,no,0
20.6,29.1,8.5,33.2,23.5,9.7,529.5,493,36.5,3.503,733,5.488,0.15,no,0
20.7,28.2,7.5,33.4,24.2,9.2,536,493,43,4.336,746.8,6.579,0.15,no,0
20.7,28.2,7.5,33.8,23,10.8,525.5,485.5,40,3.762,759,5.79,0.15,no,0
21.1,28.4,7.4,34.2,22.7,11.5,538.5,490.5,48,3.932,768.6,6.017,0.15,no,0
21.4,28.9,7.5,32.8,22.8,10,515.5,480,35.5,3.751,777,5.773,0.15,no,0
21.6,29.4,7.8,33.6,23.2,10.4,526,482,44,3.823,783.5,5.887,0.15,no,0
22,29.4,7.4,31.5,22.7,8.8,520.5,483,37.5,3.899,791.7,5.973,0.15,no,0
21.9,29.3,7.4,31.9,22.4,9.5,524,490,34,4.226,794.4,6.42,0.15,no,0
22.5,30.5,8.1,32.2,23.8,8.4,525,482.5,42.5,2.794,788.1,4.528,0.15,no,0
23,31.4,8.4,31.2,21.4,9.8,511,477.5,33.5,2.873,786.4,4.648,0.15,no,0
23.3,32.1,8.8,31.8,22.1,9.7,531.5,481,50.5,3.462,784.6,5.439,0.15,no,0
23.8,32.5,8.7,30.7,21.4,9.3,519.5,473.5,46,2.869,778.1,4.659,0.15,no,0
23,31.7,8.7,31.1,21.1,10,515.5,492,23.5,4.173,769.6,6.4,0.15,no,0
23.4,32,8.6,32.6,21.7,10.9,521.5,481.5,40,4.065,763.3,6.248,0.15,no,0
23.9,31.9,8,30,21.1,8.9,521,485,36,3.3,753.5,5.187,0.15,no,0
24,31.1,7.2,30.7,21.5,9.2,520.5,492,28.5,4.436,744.3,6.702,0.15,no,0
24.2,31.3,7.2,30.4,21.8,8.6,511.5,495.5,16,4.084,728.7,6.214,0.15,no,0
23.9,31.5,7.6,31.6,21.9,9.7,516,487.5,28.5,3.933,713.5,6.025,0.15,no,0
23.9,31.5,7.7,30.5,21.1,9.4,526.5,490.5,36,3.967,697.3,6.075,0.15,no,0
23.9,31.4,7.5,30,21.5,8.5,538,494,44,3.742,677,5.758,0.15,no,0
24.1,31,7,30.8,21.5,9.3,535,489,46,3.77,655.8,5.773,0.15,no,0
24.3,31.6,7.3,28.8,21.5,7.3,537.5,476.5,61,3.871,634,5.925,0.15,no,0
24.1,31.4,7.3,29.1,21.3,7.8,530.5,489.5,41,3.002,611.5,4.752,0.15,no,0
23.8,31,7.2,30.7,21.1,9.6,530.5,482,48.5,2.61,584.4,4.236,0.15,no,0
23,30.6,7.6,31.3,21.2,10.1,527,469.5,57.5,3.303,556.5,5.172,0.15,no,0
23.5,30.9,7.4,31.1,21.9,9.2,529,490.5,38.5,2.911,533,4.643,0.15,no,0
22.8,29.8,7,32.3,22.1,10.2,515.5,504.5,11,2.98,503.8,4.71,0.15,no,0
22.8,29.7,6.9,30.8,21.7,9.1,519,495,24,3.348,470.8,5.199,0.15,no,0
23,29.1,6.2,31.6,23,8.6,525.5,497,28.5,3.41,437.1,5.247,0.15,no,0
22.4,28.7,6.3,33.1,23.3,9.8,534.5,487.5,47,2.98,406.3,4.673,0.15,no,0
22.2,28.7,6.5,32.8,24.2,8.6,527.5,498,29.5,3.1,372.3,4.842,0.15,no,0
22.3,27.8,5.5,33.7,24.3,9.4,512.5,490.5,22,2.911,335.3,4.539,0.15,no,0
22.3,27.3,5,34.9,25.9,9,532.5,497.5,35,3.116,305.9,4.788,0.15,no,0
22.2,26.4,4.2,33.3,25.8,7.5,534.5,506,28.5,2.473,269.9,3.872,0.15,no,0
21.9,25.5,3.6,33.8,26.8,7,534,498.5,35.5,2.65,236.3,4.072,0.15,no,0
21.2,24.5,3.3,35.2,28,7.2,507.5,508.5,1,3.353,183.9,5.028,0.15,no,0
18.1,25.4,7.3,54.3,44.1,10.2,562,504.5,57.5,1.196,404.4,2.607,0.15,no,0
18.2,25.5,7.3,54.4,40.9,13.5,533,516,17,1.023,436.3,2.449,0.15,no,0
18.5,26.7,8.2,52.4,39.4,13,544.5,492.5,52,1.395,468.9,2.887,0.15,no,0
18.5,27.2,8.7,52,38.8,13.2,544,503.5,40.5,1.731,493,3.285,0.15,no,0
19.1,27.9,8.8,51.9,36.8,15.1,552.5,497,55.5,1.076,521.6,2.645,0.15,no,0
19.5,28.7,9.3,49.6,35.4,14.2,554,503.5,50.5,1.181,549.5,2.776,0.15,no,0
19.7,29.6,9.9,49,33.5,15.5,543,493.5,49.5,1.156,575,2.811,0.15,no,0
19.8,30.4,10.7,46.1,33.5,12.6,530,492,38,1.234,601.3,2.949,0.15,no,0
20.9,31.2,10.3,48.8,31.6,17.2,547.5,491.5,56,0.72,621.6,2.528,0.15,no,0
21,31.3,10.3,46.1,31.1,15,561.5,489.5,72,0.759,639.3,2.548,0.15,no,0
21.3,31.9,10.6,44.3,28.7,15.6,535.5,485.5,50,0.85,662.3,2.631,0.15,no,0
22.1,32.9,10.9,42.5,28.3,14.2,549,488.5,60.5,0.79,681.8,2.621,0.15,no,0
21.8,33.5,11.7,42.5,27.5,15,532.5,484.5,48,1.218,699,3.017,0.15,no,0
22.3,33.8,11.5,43,26.6,16.4,537.5,478,59.5,0.97,716.1,2.804,0.15,no,0
23,34.3,11.3,40.8,26.6,14.2,533,492.5,40.5,1.208,731.3,2.971,0.15,no,0
23.1,34.6,11.5,40.1,25.3,14.8,543,493,50,1.511,744.1,3.258,0.15,no,0
23.5,34.7,11.2,39.6,25.6,14,537,482,55,1.27,755.1,3.015,0.15,no,0
23.8,35.1,11.3,39.5,25.1,14.4,536,481.5,54.5,1.418,764,3.156,0.15,no,0
24.1,35.3,11.3,39.9,24.9,15,537.5,493,44.5,1.735,768.4,3.47,0.15,no,0
24.1,35.5,11.4,39,23.6,15.4,527.5,487,40.5,1.38,772.3,3.125,0.15,no,0
24.3,35.9,11.6,37.9,22.9,15,530,480,50,1.477,777.1,3.235,0.15,no,0
24.2,36,11.9,35.6,23.2,12.4,526.5,492.5,34,1.212,779,3.019,0.15,no,0
24,36.1,12.1,36.7,22.6,14.1,531.5,489.5,42,1.155,782.9,2.99,0.15,no,0
24.8,36.4,11.7,35.7,22.2,13.5,543,488.5,54.5,0.882,780,2.747,0.15,no,0
24.8,35.6,10.8,35.1,21.4,13.7,535.5,499,36.5,2.18,773.6,3.929,0.15,no,0
24.7,36,11.3,33.3,21.7,11.6,536.5,500.5,36,1.458,763.1,3.191,0.15,no,0
25.1,36.3,11.3,33.5,22.1,11.4,535.5,497,38.5,1.001,751,2.792,0.15,no,0
25.6,36.7,11.1,33.5,20.4,13.1,530.5,495.5,35,1.213,743.3,2.946,0.15,no,0
25.7,36.2,10.5,32.9,19.9,13,539.5,504,35.5,1.351,733.1,3.023,0.15,no,0
25.6,36.1,10.5,33,21,12,548,503.5,44.5,1.431,722.3,3.096,0.15,no,0
25.4,36.2,10.9,33.9,21.1,12.8,544.5,509,35.5,1.191,706,2.91,0.15,no,0
25.8,36.8,11,27.9,17.8,10.1,524.5,501,23.5,1.133,686.9,2.869,0.15,no,0
25.2,35.5,10.3,26.9,18.2,8.7,525,493,32,3.058,678,4.982,0.15,no,0
25.4,35.6,10.2,27.6,17.9,9.7,527.5,489.5,38,1.503,654.2,3.141,0.15,no,0
25.6,35.7,10.2,26,17.2,8.8,525.5,479.5,46,2.103,636.8,3.796,0.15,no,0
25.1,35.1,10,26.5,18.3,8.2,528,503,25,2.709,616.6,4.519,0.15,no,0
25.3,35.1,9.8,28.6,17.8,10.8,527.5,487,40.5,1.492,590.4,3.1,0.15,no,0
24.7,34.4,9.7,27.8,18.8,9,526.5,484.5,42,2.906,566.2,4.756,0.15,no,0
24.7,34.2,9.5,30,19.2,10.8,531.5,507.5,24,1.715,534.1,3.316,0.15,no,0
24.9,34,9.2,28.2,18.9,9.3,536,495,41,1.769,504.6,3.347,0.15,no,0
24.8,33.4,8.6,28.7,18.7,10,524,486.5,37.5,1.904,471.2,3.461,0.15,no,0
24.6,33,8.4,27.4,18.3,9.1,537,502,35,2.202,443.9,3.801,0.15,no,0
24.4,32.1,7.7,23.6,16.8,6.8,522.5,501.5,21,2.368,412.8,3.96,0.15,no,0
24.1,31.3,7.2,25.4,17.5,7.9,540.5,508.5,32,2.377,380.1,3.938,0.15,no,0
23.9,30.4,6.5,26.5,18.8,7.7,528,498.5,29.5,1.685,343.1,3.038,0.15,no,0
23.7,29.8,6.1,27,19.5,7.5,531.5,497,34.5,1.519,308.2,2.819,0.15,no,0
23.5,29.1,5.7,26.4,19.2,7.2,535.5,503.5,32,1.177,274.3,2.408,0.15,no,0
23,28.5,5.5,28.6,23,5.6,538.5,507.5,31,1.224,236.5,2.441,0.15,no,0
22.2,27.6,5.4,36.6,27.9,8.7,530.5,503,27.5,1.154,197.1,2.353,0.15,no,0
17.6,23,5.5,64.6,52.2,12.4,552.5,512.5,40,0.718,315.1,1.979,0.15,no,0
17.7,23.1,5.4,64.8,50.2,14.6,546.5,531.5,15,0.753,257.6,1.999,0.15,no,0
17.6,22.7,5.1,64.7,50,14.7,572.5,533,39.5,0.776,226.8,1.975,0.15,no,0
18.1,23.5,5.5,64.4,50.6,13.8,547,529.5,17.5,1.281,297.6,2.503,0.15,no,0
19.3,26.2,6.9,61.2,46.9,14.3,544,498,46,1.237,500.3,2.599,0.15,no,0
19.5,27.2,7.8,58.4,44.7,13.7,551.5,513,38.5,0.944,505.7,2.426,0.15,no,0
20.2,28.8,8.6,58.2,41.3,16.9,553.5,506,47.5,0.966,533,2.525,0.15,no,0
20.9,30.3,9.4,55.2,38.7,16.5,532.5,504.5,28,0.463,581.2,2.294,0.15,no,0
21.5,31.3,9.8,53.7,36.4,17.3,544.5,493,51.5,1.335,600.3,2.955,0.15,no,0
21.9,31.3,9.4,52.1,34.5,17.6,548,488.5,59.5,0.935,623.9,2.574,0.15,no,0
22.7,32.3,9.6,50.4,34.3,16.1,543,501,42,1.668,643.9,3.272,0.15,no,0
22.9,32.8,10,50.6,32,18.6,545,498.5,46.5,1.248,656.4,2.888,0.15,no,0
23.1,33.2,10.1,49.2,32.1,17.1,544.5,485.5,59,2.212,657.1,3.928,0.15,no,0
23.8,34.2,10.4,47.5,30.7,16.8,540,471.5,68.5,1.56,703,3.224,0.15,no,0
23.9,34.4,10.5,46.3,29.6,16.7,532,484,48,1.904,720.3,3.599,0.15,no,0
24.5,34.1,9.7,43,27.6,15.4,543,499.5,43.5,2.541,731.4,4.295,0.15,no,0
24.6,33.9,9.3,42.3,27.5,14.8,548,497,51,2.54,741.3,4.271,0.15,no,0
24.3,34.3,10,43.4,28.7,14.7,536,487,49,1.939,753.2,3.599,0.15,no,0
24.6,34.6,10,41.5,26.4,15.1,525.5,494,31.5,2.323,753,4.047,0.15,no,0
25,34.3,9.3,39.1,26,13.1,535,495.5,39.5,3.251,753.3,5.184,0.15,no,0
25.3,34.4,9.2,38.7,26,12.7,539,495,44,2.76,760.3,4.54,0.15,no,0
25.5,34,8.5,37.4,25.4,12,542.5,496,46.5,2.925,766.4,4.717,0.15,no,0
25.6,34.2,8.6,35.5,24.2,11.3,520.5,500.5,20,2.858,760.7,4.635,0.15,no,0
25.9,34.2,8.4,35.3,24.2,11.1,532.5,489.5,43,2.523,760.6,4.191,0.15,no,0
26.3,34.4,8.1,35.6,24,11.6,525,495,30,2.829,756.1,4.568,0.15,no,0
26.2,35.2,9.1,35,23.8,11.2,542,497.5,44.5,2.528,746.7,4.24,0.15,no,0
26.3,35.5,9.2,35.4,23,12.4,527,503,24,2.259,740.9,3.916,0.15,no,0
26.9,35.8,9,34.9,23.1,11.8,548.5,490.5,58,1.89,733.6,3.466,0.15,no,0
26.8,35.5,8.7,33.2,21.9,11.3,537,500,37,2.371,725.5,4.018,0.15,no,0
27,35.4,8.4,35.8,23.7,12.1,514,498.5,15.5,2.305,712.5,3.92,0.15,no,0
26.8,35.4,8.6,34.4,22.4,12,542,496.5,45.5,2.491,688.6,4.166,0.15,no,0
26.6,34.8,8.3,33.2,22.3,10.9,542,500,42,3.283,675.6,5.173,0.15,no,0
26.5,34.8,8.3,33,22.7,10.3,520,497,23,3.284,661.1,5.176,0.15,no,0
26.2,35.3,9.1,34.6,22.8,11.8,534,499.5,34.5,2.055,638.5,3.669,0.15,no,0
26.3,36.2,9.9,35,23.1,11.9,526,499,27,1.95,608.3,3.601,0.15,no,0
26.5,35.8,9.4,34.8,22,12.8,522.5,500,22.5,1.495,581.7,3.066,0.15,no,0
26.3,35.2,9,34.9,22.1,12.8,515.5,484.5,31,2.763,558.1,4.531,0.15,no,0
26.2,34.7,8.5,34.3,22.6,11.7,529.5,489,40.5,2.518,535.1,4.194,0.15,no,0
26.2,34,7.8,34.1,22.9,11.2,527.5,498,29.5,2.167,504.7,3.715,0.15,no,0
26.2,33.6,7.4,34.3,23.4,10.9,533,503.5,29.5,3.002,476.2,4.759,0.15,no,0
26.1,33.4,7.3,34.9,24.1,10.8,531.5,482.5,49,2.962,445.2,4.699,0.15,no,0
25.3,32.9,7.6,35.8,24.7,11.1,546,511.5,34.5,2.511,412.3,4.132,0.15,no,0
25.3,32.2,7,36.3,25,11.3,527.5,483,44.5,3.439,380.7,5.322,0.15,no,0
24.9,31.1,6.2,36.1,25.9,10.2,533,496.5,36.5,3.663,349.6,5.593,0.15,no,0
24.8,30.4,5.6,37.3,27.1,10.2,533,493.5,39.5,2.923,318.4,4.555,0.15,no,0
24.6,29.8,5.2,37,27.2,9.8,523.5,493,30.5,2.465,289.1,3.924,0.15,no,0
24.2,29,4.9,36.9,27.8,9.1,528,503.5,24.5,2.795,262.1,4.342,0.15,no,0
23.8,28.3,4.5,38.1,29.6,8.5,544.5,503.5,41,2.757,227.6,4.272,0.15,no,0
23.5,27.7,4.2,39,30.1,8.9,524,507.5,16.5,2.317,203.7,3.661,0.15,no,0
21,26.9,5.9,56.5,45.8,10.7,540.5,497,43.5,1.279,397.5,2.546,0.15,no,0
21.3,27.6,6.3,50.6,41.7,8.9,532,468.5,63.5,2.011,432.8,3.425,0.15,no,0
20.9,26.6,5.7,49.7,39.3,10.4,529.5,498.5,31,2.661,372.8,4.215,0.15,no,0
21.5,26.9,5.4,48.4,39,9.4,525,492.5,32.5,2.839,430.1,4.436,0.15,no,0
22,27.6,5.6,46.9,38.4,8.5,523.5,482,41.5,3.059,483.6,4.744,0.15,no,0
22.6,28.7,6.2,45.3,35.9,9.4,523,485.5,37.5,3.919,595.9,5.946,0.15,no,0
22.9,29.5,6.6,46.1,35,11.1,528,479,49,3.618,587.5,5.553,0.15,no,0
23,30.1,7.1,44.7,34.2,10.5,517,479,38,3.126,533.4,4.91,0.15,no,0
23.5,30.5,7.1,45.5,32.9,12.6,527.5,491.5,36,2.944,619.2,4.667,0.15,no,0
24,32,8,42.8,30.7,12.1,530.5,476.5,54,2.611,703.5,4.282,0.15,no,0
24.5,32.6,8.1,43.5,30.8,12.7,524,486.5,37.5,2.563,717,4.23,0.15,no,0
24.6,32.9,8.3,40.8,29.3,11.5,524,478.5,45.5,3.114,671.3,4.954,0.15,no,0
24.9,33.5,8.7,39.5,28,11.5,526.5,476,50.5,3.379,733.7,5.323,0.15,no,0
24.5,32.7,8.2,39.2,27.2,12,513.5,500,13.5,2.455,624.6,4.097,0.15,no,0
24.7,32.6,7.9,40.8,28.7,12.1,533,479,54,2.74,536,4.444,0.15,no,0
25,32.7,7.7,39.2,27,12.2,516,476,40,3.389,782.7,5.29,0.15,no,0
23.8,30.2,6.4,40.6,29.5,11.1,525,497.5,27.5,4.537,437.4,6.814,0.15,no,0
23.2,28.3,5.1,40.5,30.9,9.6,522,496,26,3.776,328.7,5.701,0.15,no,0
23.7,28.9,5.2,41.6,32.1,9.5,509.5,484.5,25,3.78,559.5,5.71,0.15,no,0
23.8,29.7,5.9,41,29.7,11.3,513,485.5,27.5,4.139,720.2,6.238,0.15,no,0
24.4,30.9,6.6,40.6,29.6,11,514.5,484.5,30,3.494,698.9,5.378,0.15,no,0
25,31.7,6.7,38.5,27.1,11.4,515.5,487,28.5,3.636,757.2,5.579,0.15,no,0
25.1,32,6.9,39.3,28.2,11.1,533.5,480,53.5,3.795,769.5,5.804,0.15,no,0
25.4,32.9,7.5,36.9,26.5,10.4,507.5,481.5,26,3.154,795.2,4.967,0.15,no,0
25.5,32.8,7.4,36.4,25.6,10.8,524.5,483,41.5,4.033,740.8,6.15,0.15,no,0
24.9,31.6,6.8,38.5,27.9,10.6,534.5,498.5,36,3.626,605.5,5.569,0.15,no,0
24.9,32.8,7.9,38.9,27.5,11.4,528.5,491.5,37,3.411,709.2,5.328,0.15,no,0
25,32.5,7.5,37.7,25.6,12.1,513,497,16,4.187,744.7,6.37,0.15,no,0
25.4,31.9,6.5,36.2,26.9,9.3,523.5,492,31.5,4.386,653.6,6.607,0.15,no,0
25.7,33.2,7.5,36.6,26.2,10.4,535.5,482.5,53,2.723,725,4.398,0.15,no,0
25.4,33.4,8.1,36.3,25,11.3,525,495,30,3.182,696.6,5.03,0.15,no,0
25.5,32.8,7.3,37.2,25.4,11.8,544,494.5,49.5,3.988,678.4,6.086,0.15,no,0
25.4,33,7.7,36.8,26.7,10.1,517.5,492.5,25,3.717,656.9,5.731,0.15,no,0
24.9,33.9,9,37.1,25.3,11.8,525,484.5,40.5,3.024,638.2,4.873,0.15,no,0
25,34.3,9.4,37.7,24.8,12.9,525,498.5,26.5,3.11,616.6,5.003,0.15,no,0
25.3,33.8,8.5,37.6,25.2,12.4,539,480,59,2.808,590,4.563,0.15,no,0
25.3,33,7.7,36.7,25,11.7,512.5,486,26.5,3.998,565.2,6.117,0.15,no,0
24.9,32.3,7.4,38,25.9,12.1,510.5,483,27.5,3.822,538,5.862,0.15,no,0
25,31.7,6.7,37.6,26.5,11.1,531,495,36,3.113,508.4,4.871,0.15,no,0
24.8,30.9,6.1,38.1,27,11.1,504.5,497,7.5,4.482,472,6.725,0.15,no,0
24.7,30.8,6.1,37.9,27.8,10.1,519.5,486.5,33,4.248,451.1,6.399,0.15,no,0
24.4,30.2,5.9,38.9,28.2,10.7,518,486.5,31.5,4.078,422.7,6.152,0.15,no,0
24,30.1,6.2,40,29.2,10.8,526.5,496.5,30,3.783,372.9,5.757,0.15,no,0
23.8,29.4,5.6,41.1,30.1,11,517,489.5,27.5,3.453,332.1,5.279,0.15,no,0
23.3,28.2,4.9,40.1,30.5,9.6,507.5,493,14.5,3.979,324.5,5.976,0.15,no,0
23,27.1,4.2,40.5,31.6,8.9,512,503,9,4.288,306.2,6.378,0.15,no,0
22.6,26.5,4,42,33.4,8.6,528,498.5,29.5,4.255,265.9,6.324,0.15,no,0
21.9,25.8,3.9,42.4,33.6,8.8,522.5,503.5,19,3.472,227.1,5.22,0.15,no,0
21.4,24.8,3.4,43.2,34.9,8.3,527.5,505.5,22,3.387,187.2,5.081,0.15,no,0
19.5,26.1,6.7,65.9,52.6,13.3,553.5,521,32.5,0.21,377.1,1.881,0.15,no,0
20.5,27.9,7.5,63.5,49.5,14,538.5,510.5,28,1.058,409.3,2.485,0.15,no,0
21.1,29.1,8,53.2,43,10.2,543.5,508,35.5,1.143,443.5,2.616,0.15,no,0
22,30.2,8.2,53.4,40.2,13.2,518,480.5,37.5,1.48,485.7,2.967,0.15,no,0
22.8,31,8.2,51.1,37.5,13.6,528.5,481,47.5,0.825,473.9,2.367,0.15,no,0
23,31.2,8.2,48.1,34.7,13.4,524.5,490,34.5,1.883,536.6,3.409,0.15,no,0
23.2,31.8,8.6,46.3,33.3,13,513.5,478.5,35,1.965,559.7,3.533,0.15,no,0
23.7,32.3,8.6,44.5,31.9,12.6,531.5,469.5,62,2.896,584.4,4.687,0.15,no,0
24,32.4,8.4,43,30.8,12.2,518.5,483.5,35,2.741,566,4.477,0.15,no,0
24.4,32.4,8,42.5,29.9,12.6,531.5,480.5,51,2.514,621.8,4.161,0.15,no,0
24.5,32.4,8,41.2,29.6,11.6,519.5,468,51.5,3.017,682.5,4.81,0.15,no,0
24.5,33,8.5,42.2,29.6,12.6,528,464.5,63.5,2.495,643.3,4.164,0.15,no,0
24.7,32.6,7.9,40,28.5,11.5,530,476,54,2.965,591.4,4.738,0.15,no,0
25.4,33.8,8.4,40.6,27.5,13.1,517,470.5,46.5,2.738,752.2,4.466,0.15,no,0
25.5,33.3,7.8,40.1,28.3,11.8,536.5,475.5,61,3.575,697.2,5.545,0.15,no,0
25.4,33.4,8,39.7,27.2,12.5,513,492,21,3.038,713.3,4.836,0.15,no,0
25.9,34.2,8.3,39.1,27.3,11.8,517,493,24,2.468,770.4,4.12,0.15,no,0
26.5,34.3,7.9,38.7,26.1,12.6,521.5,475.5,46,4.502,788.7,6.817,0.15,no,0
25.9,33.9,8,38.6,26.8,11.8,525.5,483.5,42,3.607,747.6,5.598,0.15,no,0
25.9,33.4,7.5,37.6,25.8,11.8,528,479.5,48.5,3.856,693.4,5.914,0.15,no,0
25.1,32.1,7,38.5,26.6,11.9,528,485.5,42.5,3.705,601.1,5.688,0.15,no,0
25.6,31.6,6.1,39.5,28.8,10.7,533,472.5,60.5,4.745,524.5,7.091,0.15,no,0
25.1,31.1,6.1,39,28.5,10.5,524,481,43,4.633,613.3,6.933,0.15,no,0
24.7,29.9,5.3,41.1,30.5,10.6,525,494,31,4.523,464.2,6.751,0.15,no,0
25.1,30.7,5.6,40.6,30.2,10.4,525,495.5,29.5,3.444,514.1,5.262,0.15,no,0
24.8,30.2,5.5,40.3,30.5,9.8,528,484,44,3.548,499,5.401,0.15,no,0
24.1,29.2,5.1,42.4,32,10.4,537.5,494.5,43,4.144,360.8,6.214,0.15,no,0
24,28.7,4.7,42.7,33.1,9.6,520,498,22,4.477,408.4,6.663,0.15,no,0
24.5,29.2,4.8,41.3,32.5,8.8,513.5,487.5,26,3.937,513.4,5.91,0.15,no,0
24.7,29.6,4.9,40.6,31.7,8.9,520,483.5,36.5,4.074,521.8,6.108,0.15,no,0
24.9,31,6.1,39.7,30.3,9.4,518,482,36,3.137,621.1,4.872,0.15,no,0
25.1,31.6,6.5,39.2,29,10.2,516.5,488,28.5,3.847,659.3,5.859,0.15,no,0
25.1,32.3,7.2,39.6,28.4,11.2,509.5,491,18.5,4.276,676.7,6.479,0.15,no,0
25.7,33.3,7.6,39.5,27.5,12,520.5,479,41.5,3.314,702.8,5.181,0.15,no,0
25.5,32.7,7.2,38.9,27.4,11.5,525,484.5,40.5,3.826,563.5,5.861,0.15,no,0
24.8,31.2,6.4,39.6,28.2,11.4,524,476.5,47.5,3.868,490.1,5.885,0.15,no,0
24.8,31.1,6.4,39.5,28.5,11,527,495,32,3.748,563.2,5.716,0.15,no,0
24.2,30.3,6.2,40.4,29,11.4,515.5,486,29.5,3.895,477.9,5.912,0.15,no,0
24.3,30.4,6.1,40.4,29.5,10.9,520,494,26,4.171,479.6,6.293,0.15,no,0
24.1,29.7,5.6,40.7,29.7,11,539,486,53,3.673,453.9,5.581,0.15,no,0
23.4,28.2,4.8,42.4,32.3,10.1,522,493.5,28.5,4.363,300.7,6.51,0.15,no,0
23.4,28.4,5,42.8,32.9,9.9,517.5,496,21.5,3.224,371.1,4.934,0.15,no,0
23,27.8,4.8,45.2,33.8,11.4,525.5,503,22.5,2.827,297.1,4.384,0.15,no,0
22.5,26.9,4.5,45.6,34.6,11,530.5,497,33.5,2.543,228.8,3.982,0.15,no,0
22.4,26.2,3.8,45.2,35.8,9.4,530.5,499,31.5,3.051,241.2,4.633,0.15,no,0
22,25.1,3.1,46.2,37.6,8.6,524.5,514,10.5,3.225,148,4.839,0.15,no,0
22.1,24.8,2.7,46.9,38.4,8.5,513.5,518,4.5,2.381,157.9,3.644,0.15,no,0
21.9,24.3,2.5,45.9,38.5,7.4,533.5,498.5,35,2.912,178.3,4.363,0.15,no,0
21.8,24.2,2.4,46.9,39.9,7,515,514,1,3.038,143,4.538,0.15,no,0
