외부기온,내부기온,내외부기온차,외부상대습도,내부상대습도,내외부상대습도차,외부CO2,내부CO2,내외부CO2차,외부풍속,외부일사량,환기율,환기창면적,작물유무
22.9,31.1,8.3,78.7,55,23.7,469.5,462,7.5,1.398,372.7,5.4,0.15,1
22.8,29.7,6.9,77.1,58.7,18.4,464.5,459.7,4.8,1.326,309.9,5,0.15,1
23.3,29.7,6.4,75.5,58.4,17.1,457.5,451.3,6.2,0.835,291.9,4,0.15,1
23.6,29.8,6.2,72.9,57.8,15.1,453,445.7,7.3,0.943,297.5,4.2,0.15,1
24,30,6,71.2,56.4,14.8,447.5,441.7,5.8,1.481,335.4,5.2,0.15,1
25.1,33.3,8.1,66.6,49.6,17,447,440,7,1.132,549.7,4.9,0.15,1
25.9,35.6,9.7,66,43.6,22.4,447,441,6,0.396,592,4.2,0.15,1
25,34,8.9,68,44.9,23.1,447.5,442.7,4.8,0.56,424.8,4.2,0.15,1
25.9,33.7,7.8,65.6,46.4,19.2,446,449,3,0.76,389.8,4.2,0.15,1
26.8,35.9,9.1,61.8,44.1,17.7,443.5,436.3,7.2,0.792,589.9,4.5,0.15,1
26,36.5,10.5,61.1,40.6,20.5,440,433.3,6.7,0.437,577.9,4.4,0.15,1
27.1,38.2,11.1,58.9,38.3,20.6,438.5,434,4.5,0.398,640.7,4.4,0.15,1
27.9,38.9,10.9,54.7,35.7,19,434,433,1,0.463,683.6,4.5,0.15,1
28.4,39.9,11.5,54.3,33.4,20.9,431,432.3,1.3,0.755,759.7,4.9,0.15,1
27.2,36.7,9.5,57.5,38.8,18.7,431.5,435,3.5,0.857,377.8,4.6,0.15,1
26.7,34.9,8.2,58.2,41.2,17,425,429.3,4.3,1.236,365.4,5,0.15,1
27.9,37,9.1,56.5,39.9,16.6,427,427.7,0.7,0.86,501.4,4.6,0.15,1
28.1,38.9,10.8,55.3,35.8,19.5,421.5,425.3,3.8,0.983,763.9,5,0.15,1
28.4,38,9.6,53,35.8,17.2,420.5,425.7,5.2,0.889,532.9,4.7,0.15,1
28.5,38,9.5,53.3,35.4,17.9,417,424,7,0.288,558.1,4.1,0.15,1
29.7,39.5,9.7,50.8,33.9,16.9,417.5,423,5.5,1.194,702,5.2,0.15,1
29.8,37.8,8,49.5,34.3,15.2,417,424.3,7.3,0.661,497.2,4.1,0.15,1
29,37.7,8.7,50.2,37.5,12.7,416,423.3,7.3,0.383,438.1,3.9,0.15,1
29.2,38.6,9.3,50.3,35,15.3,416,418.7,2.7,1.222,556.2,5.2,0.15,1
30.1,40.7,10.6,48.7,32.1,16.6,413.5,422,8.5,0.699,743.8,4.6,0.15,1
30.1,40.3,10.1,47.3,31.7,15.6,414,422,8,0.98,608.7,4.9,0.15,1
29.4,38.9,9.5,50.2,33.4,16.8,414.5,422.3,7.8,0.763,502.2,4.5,0.15,1
30.3,40.7,10.3,48.8,33,15.8,412,422,10,0.703,567,4.6,0.15,1
31.6,43.7,12.1,45.4,27.8,17.6,413,422,9,0.468,889,4.6,0.15,1
31.5,44.4,12.9,47.9,26.4,21.5,413,424,11,1.247,823,5.8,0.15,1
31.4,42.5,11.1,47.9,28.5,19.4,410,424,14,0.927,678.7,5,0.15,1
32,43.8,11.8,43.2,27.3,15.9,411,422.3,11.3,0.918,814,5.1,0.15,1
32.9,45.9,13,41,24.9,16.1,410,422.7,12.7,0.95,872,5.3,0.15,1
32.5,45.8,13.2,41.6,24.8,16.8,409.5,424,14.5,0.865,761,5.2,0.15,1
31.9,44,12.1,41.3,24.9,16.4,408,424,16,0.553,639.8,4.7,0.15,1
32,42,10.1,41.7,27.4,14.3,409.5,424,14.5,0.492,502.3,4.3,0.15,1
30.8,40.7,9.9,44.3,29.8,14.5,407.5,423,15.5,0.811,511.5,4.6,0.15,1
31,41.4,10.4,42.3,28.5,13.8,407,421,14,1.457,638.9,5.8,0.15,1
32.1,43.1,11,39.7,26.8,12.9,410,419.7,9.7,1.205,665,5.4,0.15,1
31.4,41.2,9.8,43.4,27.7,15.7,408.5,420.7,12.2,0.583,500.4,4.3,0.15,1
31.9,40.6,8.7,42.8,28.9,13.9,409,420.7,11.7,1.016,456.1,4.7,0.15,1
31.4,41,9.6,40,29,11,407.5,417.7,10.2,0.872,444,4.7,0.15,1
31,38.8,7.9,46.4,31.6,14.8,406.5,418.3,11.8,0.941,316.6,4.4,0.15,1
31,38.1,7.1,49.1,35.5,13.6,403.5,415.3,11.8,0.654,334.8,3.9,0.15,1
29.5,35.7,6.2,56.1,41.6,14.5,403.5,415.3,11.8,1.825,234,6,0.15,1
29.3,34.8,5.4,55.5,44.3,11.2,403.5,415,11.5,2.139,250.1,6.6,0.15,1
28.8,33.7,4.9,57.6,46,11.6,405.5,414.7,9.2,2.161,216,6.6,0.15,1
28.9,33.9,4.9,58.5,47.3,11.2,404,415,11,2.059,235.3,6.4,0.15,1
28.6,33.3,4.6,60.3,49.3,11,403.5,412.7,9.2,2.273,207.2,6.9,0.15,1
21.3,22.2,0.9,92.4,88.2,4.2,473.5,492,18.5,1.142,51.85,3.4,0.15,1
21.1,22.4,1.3,92.2,88.1,4.1,475.5,489.3,13.8,0.582,57.67,2.2,0.15,1
21,22.1,1.1,93.5,88.5,5,485.5,499.7,14.2,1.427,42.65,4.2,0.15,1
21.1,22.1,1,95.2,89.4,5.8,487,504,17,0.614,42.34,2.2,0.15,1
21.2,22.2,1,96.3,89.4,6.9,488.5,502.7,14.2,1.804,51.54,5.2,0.15,1
21.3,22.4,1.1,96.7,89.2,7.5,487,500.7,13.7,2.033,63.5,5.8,0.15,1
21.5,23,1.5,96.9,88.6,8.3,484,497.7,13.7,2.251,85.2,6.4,0.15,1
21.4,23.2,1.8,94,85.5,8.5,461,479.7,18.7,2.898,90.8,8.2,0.15,1
21.6,23.7,2.1,91.3,81,10.3,439,461,22,1.907,131.7,5.6,0.15,1
20.9,23.6,2.7,86.6,76.7,9.9,429,442,13,1.731,152.3,5.3,0.15,1
20.9,23.3,2.4,84.1,73.5,10.6,416.5,431,14.5,2.621,116.7,7.5,0.15,1
21.1,23.6,2.5,85.3,77.1,8.2,417,429,12,0.775,125.9,3,0.15,1
21.5,24.5,3,84.3,74.1,10.2,420.5,430.3,9.8,0.843,187.9,3.2,0.15,1
22.8,26.5,3.7,76.5,64.2,12.3,417.5,426.7,9.2,1.107,290.1,4,0.15,1
22.6,26.9,4.3,75.2,65.3,9.9,409.5,420.3,10.8,0.519,249,3.1,0.15,1
23,27.2,4.2,74.4,65.6,8.8,408.5,416,7.5,0.255,194.6,2.8,0.15,1
22.5,26.3,3.8,77.4,66.1,11.3,408.5,418.7,10.2,0.618,124.7,3.1,0.15,1
23.1,26.4,3.3,79.7,67.8,11.9,411,424.3,13.3,1.362,152.7,4.5,0.15,1
23.3,27.1,3.8,80,66.4,13.6,418,421.3,3.3,2.96,231.2,8.6,0.15,1
23.1,27.2,4.1,76.3,64.1,12.2,415,423.7,8.7,2.363,242.1,7.1,0.15,1
22.6,25.4,2.8,79.1,68.4,10.7,419,430,11,1.592,84.3,4.9,0.15,1
23,25.2,2.3,80.3,72.3,8,421.5,435.7,14.2,0.869,88.6,3.1,0.15,1
23.3,26,2.7,80.3,71.1,9.2,417,430.3,13.3,1.05,137.6,3.6,0.15,1
23.7,27.3,3.6,76.1,67.7,8.4,411.5,425,13.5,0.41,199.6,2.7,0.15,1
24.4,29.4,5,72.9,59.4,13.5,410.5,419.7,9.2,0.508,350,3.2,0.15,1
24.7,30.8,6.1,71.4,56.8,14.6,412,418.3,6.3,0.298,359.3,3.3,0.15,1
24.7,31.1,6.4,71.2,55.2,16,414,418.3,4.3,0.863,317.5,4.1,0.15,1
25.1,31.4,6.3,68.5,55.2,13.3,413,420.7,7.7,0.938,303.4,4.2,0.15,1
25.5,32.6,7.1,66.6,51.8,14.8,411.5,416.3,4.8,0.36,383.9,3.6,0.15,1
25.9,32,6.1,63.7,48.9,14.8,409.5,415,5.5,0.952,315.5,4.1,0.15,1
26.1,32.7,6.7,64,50.4,13.6,408.5,414.7,6.2,0.784,356.6,4,0.15,1
26.7,34.3,7.6,62.4,45.3,17.1,408,414.7,6.7,0.558,450.6,3.9,0.15,1
26.9,35.4,8.5,60.8,43.1,17.7,409.5,415,5.5,0.574,473.4,4.1,0.15,1
27.7,35.4,7.6,57.6,41.5,16.1,408,412.7,4.7,0.384,411.8,3.7,0.15,1
28.1,39.3,11.2,55.3,34.7,20.6,408,416,8,0.419,749.3,4.5,0.15,1
27.9,38.5,10.6,55.4,35.3,20.1,406.5,415.7,9.2,0.655,536.6,4.6,0.15,1
27.6,35.4,7.8,55.7,38.2,17.5,407.5,419,11.5,0.828,349.3,4.3,0.15,1
27.2,33.9,6.7,59.8,44.2,15.6,406.5,420,13.5,0.457,268.6,3.6,0.15,1
26.6,32.1,5.5,64.2,48.4,15.8,407.5,422,14.5,0.881,175.3,3.9,0.15,1
26.3,30.9,4.6,65.4,52.2,13.2,409,424.3,15.3,1.597,185.5,5.2,0.15,1
26.4,30.4,4.1,66.1,53.5,12.6,407.5,422.7,15.2,1.6,188.7,5.1,0.15,1
26.1,29.8,3.7,65.3,54.3,11,407,421.7,14.7,1.639,179,5.2,0.15,1
26.3,30.1,3.8,65.7,55.3,10.4,405.5,420.7,15.2,1.726,211.3,5.4,0.15,1
26.4,30.6,4.1,63.6,52.4,11.2,404.5,417,12.5,1.818,279.9,5.7,0.15,1
25.8,29.2,3.4,66.4,56.8,9.6,407,418.3,11.3,1.824,134.2,5.6,0.15,1
25.9,28.9,3.1,66.2,57.3,8.9,407,418.3,11.3,1.778,170.5,5.4,0.15,1
26.2,30.1,4,66.2,56.6,9.6,405,416.3,11.3,1.451,227.7,4.8,0.15,1
27.3,32.7,5.4,61.7,50.3,11.4,404.5,412.3,7.8,1.443,363.8,5,0.15,1
26.9,31.7,4.9,62.2,50.1,12.1,403.5,413.3,9.8,1.418,221,4.9,0.15,1
21.8,27,5.2,82.4,69.4,13,482.5,476,6.5,0.008,242.9,3,0.15,1
22.7,28.2,5.5,80.7,66.2,14.5,475,465.5,9.5,0.046,277.1,3.1,0.15,1
22.8,30.1,7.3,79.7,62.4,17.3,469,458,11,0.409,368.8,3.7,0.15,1
23,32.5,9.6,79.1,54.5,24.6,462,459.3,2.7,0.697,508.2,4.5,0.15,1
23.6,34.7,11.2,77.8,49,28.8,457.5,457.7,0.2,0.677,565.1,4.7,0.15,1
23.7,35.5,11.9,76.7,46.3,30.4,455,458.7,3.7,1.174,612.9,5.5,0.15,1
24,35.4,11.4,76.7,45.3,31.4,454.5,458,3.5,1.438,635.3,5.9,0.15,1
24.9,36.4,11.5,74.2,43.8,30.4,452,456.3,4.3,1.269,658.6,5.6,0.15,1
25.1,37.7,12.6,71.7,40.7,31,449,453.3,4.3,0.98,685.9,5.3,0.15,1
26,39.2,13.2,68.7,38.6,30.1,447,451,4,0.773,714.1,5.2,0.15,1
26.9,40.5,13.6,67,38,29,442.5,448.7,6.2,0.73,728.6,5.2,0.15,1
27,41.3,14.3,65.3,36.5,28.8,441,445.7,4.7,0.884,746.3,5.5,0.15,1
27.9,41.8,13.9,63.5,33.8,29.7,437,443.7,6.7,1.396,765.1,6.2,0.15,1
28,40.4,12.5,63.9,34.9,29,434,444.7,10.7,1.315,782.9,5.8,0.15,1
27.8,40.8,13,62.3,35.1,27.2,434.5,443,8.5,1.856,805,6.9,0.15,1
28.2,41,12.8,60,35,25,432.5,441.7,9.2,1.556,817,6.3,0.15,1
28.9,41.5,12.6,59.9,33.1,26.8,431.5,439.3,7.8,1.684,836,6.5,0.15,1
29.1,42,12.8,55.5,31.8,23.7,429,438.3,9.3,1.788,838,6.8,0.15,1
28.8,41.8,12.9,56.3,32,24.3,425.5,435.7,10.2,2.127,847,7.5,0.15,1
29.5,41.9,12.4,55.5,31.6,23.9,423.5,435,11.5,1.875,842,6.9,0.15,1
30.3,42.9,12.6,54.4,30.9,23.5,420.5,433.3,12.8,0.853,850,5.1,0.15,1
30,43.2,13.2,50.7,28.7,22,418.5,432,13.5,1.318,856,5.9,0.15,1
30.4,43.6,13.2,47.5,27.5,20,417.5,430.3,12.8,1.413,860,6.1,0.15,1
31,44.9,13.9,47.9,27.6,20.3,415,428.3,13.3,1.263,859,5.9,0.15,1
31.5,44.9,13.4,47.7,26.4,21.3,414,428.3,14.3,0.971,860,5.4,0.15,1
31.6,45.6,14,46.8,26.5,20.3,420,428.3,8.3,0.867,857,5.4,0.15,1
32.5,45.5,13,46.1,26.6,19.5,420.5,430,9.5,1.153,846,5.6,0.15,1
32,45.4,13.4,47.7,26.1,21.6,421.5,430.7,9.2,0.826,843,5.2,0.15,1
32.4,46,13.6,47.3,26.2,21.1,418.5,430,11.5,1.365,837,6.1,0.15,1
32.4,45.4,13,48,27.2,20.8,419.5,429.7,10.2,1.141,829,5.6,0.15,1
32,44.9,12.9,48.6,26.7,21.9,418,429,11,1.073,822,5.5,0.15,1
30.2,41.2,11.1,51.4,30.5,20.9,420.5,428.7,8.2,1.486,337.8,5.9,0.15,1
31.9,43.3,11.4,49.2,28.8,20.4,419.5,429.7,10.2,1.477,774.8,6,0.15,1
32.8,44.3,11.5,47,29.4,17.6,413,427,14,1.315,758.6,5.7,0.15,1
33.1,46.4,13.3,46.1,27.1,19,413,425.7,12.7,0.602,769.4,5,0.15,1
33.4,46.4,13,44.4,26.4,18,413,427.7,14.7,0.949,741.3,5.3,0.15,1
33,45.8,12.8,46.7,25.4,21.3,415,428.7,13.7,0.601,734,4.9,0.15,1
33.6,45.4,11.8,45.7,27.4,18.3,413,429,16,0.71,716.1,4.8,0.15,1
33.9,46.4,12.5,43.8,26.1,17.7,413,422.5,9.5,0.81,728.5,5,0.15,1
33.1,44.5,11.4,45.5,26.5,19,414,422.5,8.5,1.08,645.6,5.3,0.15,1
33.8,43.3,9.5,47.3,30.6,16.7,414,422.5,8.5,0.889,580.2,4.6,0.15,1
33.4,44,10.5,47.4,30.3,17.1,414,421,7,1.048,514.3,5.1,0.15,1
33.6,44.5,10.9,48,30.1,17.9,414,419,5,0.989,527.4,5,0.15,1
33.6,43.5,9.9,49.4,31.4,18,413,419,6,1.213,488.2,5.2,0.15,1
33.6,43.3,9.7,47.7,32.8,14.9,413,419,6,0.918,414.9,4.7,0.15,1
33.3,42.6,9.3,50.4,33.2,17.2,413,419,6,0.744,415.5,4.4,0.15,1
32.9,42,9.1,49.9,34.3,15.6,416,418,2,0.751,380,4.4,0.15,1
32.7,41.4,8.7,51.3,35.2,16.1,417,417.5,0.5,0.793,347.1,4.4,0.15,1
31.6,40.3,8.7,55.3,37.5,17.8,416,420,4,1.592,311,5.8,0.15,1
23.3,29.1,5.9,82.4,63.7,18.7,,444.5,444.5,1.544,282.1,5.3,0.15,1
23.5,30.1,6.6,81,61.3,19.7,,445.5,445.5,1.856,380.7,6.1,0.15,1
23.3,30.1,6.8,81.6,61.1,20.5,,450,450,1.94,347.2,6.4,0.15,1
23.5,30.6,7.1,79.5,58.4,21.1,,450.5,450.5,1.89,415.3,6.3,0.15,1
24.2,31.7,7.5,78.2,58,20.2,,446.5,446.5,1.085,385.1,4.7,0.15,1
25.1,34.6,9.4,73.7,51.5,22.2,,443,443,0.53,523,4.2,0.15,1
25.1,36.2,11.1,73,47.4,25.6,,443,443,0.986,563.7,5.1,0.15,1
25.2,36.1,10.9,73.5,45.6,27.9,429,442,13,1.178,569.4,5.4,0.15,1
25.5,36.2,10.7,72.3,47.3,25,428,441.5,13.5,1.003,519,5.1,0.15,1
25.6,35.1,9.5,72.4,47.6,24.8,425,437.5,12.5,0.977,448.1,4.8,0.15,1
26.3,36.2,9.9,69.6,46.9,22.7,421,437,16,0.973,507,4.9,0.15,1
26.8,37,10.2,67,43.6,23.4,418,434,16,0.586,525.2,4.4,0.15,1
27.6,37.8,10.2,64.5,41.5,23,414,435,21,0.229,606.9,4.2,0.15,1
27.9,37.7,9.8,61.3,41.5,19.8,412,431.5,19.5,0.892,523.9,4.7,0.15,1
28.4,38.6,10.2,59.8,38.9,20.9,408,428.5,20.5,0.375,641,4.2,0.15,1
29,38.8,9.8,58.3,37.6,20.7,406,427.5,21.5,0.842,643.4,4.7,0.15,1
28.9,39.4,10.5,57.4,38.9,18.5,407,427.5,20.5,0.722,573.1,4.6,0.15,1
29.1,37.6,8.5,56.6,39.2,17.4,419,426,7,0.466,478,4,0.15,1
29,37.8,8.8,58.3,41.2,17.1,417,425.5,8.5,1.225,500,5.1,0.15,1
29.5,38,8.6,56.7,40.3,16.4,413,422,9,0.442,498.2,4,0.15,1
29.3,38.4,9.1,57.7,40.3,17.4,414,423,9,1.313,545,5.3,0.15,1
29.1,38.3,9.1,56.5,39,17.5,414,423,9,0.63,545.2,4.3,0.15,1
29.3,38.4,9.1,57.5,37.8,19.7,414,420.5,6.5,0.657,531.7,4.3,0.15,1
30.1,39.3,9.2,55.6,37.6,18,412,421,9,0.477,528.3,4.1,0.15,1
30.4,39.8,9.4,53.3,37.2,16.1,421,421,0,0.498,567.5,4.2,0.15,1
30.9,39.5,8.6,53.5,37.2,16.3,421.5,422,0.5,1.151,521.5,4.9,0.15,1
31.2,40.1,8.9,52.3,36.7,15.6,421,421.5,0.5,0.749,533.2,4.3,0.15,1
30.8,41.1,10.3,52,35.1,16.9,419.5,418,1.5,0.84,627.7,4.7,0.15,1
31.2,40.9,9.7,52.4,35.6,16.8,421,420,1,0.726,586.9,4.5,0.15,1
32.4,42.7,10.3,50.4,32.4,18,418,420.5,2.5,0.638,773.6,4.5,0.15,1
31.3,42.9,11.6,50.6,32.7,17.9,418.5,419.5,1,0.267,633.4,4.4,0.15,1
31.6,42.6,11.1,49.1,29.9,19.2,410,418,8,1.024,684,5.1,0.15,1
31.5,42,10.5,48.9,30.5,18.4,410,420.5,10.5,1.211,681.5,5.4,0.15,1
32,41.3,9.3,49.2,34.1,15.1,,419.5,419.5,0.613,492.5,4.3,0.15,1
32.3,43.2,10.9,48.7,30.8,17.9,,416,416,1.226,752.9,5.4,0.15,1
31.5,42,10.5,48.9,30.4,18.5,,417.5,417.5,0.888,639.1,4.8,0.15,1
31.6,40.5,8.9,49.6,34.1,15.5,,417.5,417.5,0.664,400.2,4.3,0.15,1
31.4,39.5,8.1,45.9,34.1,11.8,,417,417,0.828,392.5,4.3,0.15,1
31.3,38.9,7.6,46.4,35.6,10.8,,415,415,1.002,371.8,4.5,0.15,1
31.1,38,6.9,46.8,35.4,11.4,,415,415,0.596,341.1,3.8,0.15,1
31.4,37.2,5.9,47.6,37,10.6,,415,415,1.044,335.9,4.2,0.15,1
32,38.5,6.5,45.8,37.8,8,,413.5,413.5,0.738,408.1,3.9,0.15,1
32.1,38.7,6.7,48.4,36.2,12.2,,410.5,410.5,0.512,369.4,3.6,0.15,1
31,37.3,6.3,50.8,40.3,10.5,,410,410,0.722,288.6,3.8,0.15,1
30.8,35.9,5.1,56.2,45,11.2,,410.5,410.5,0.239,233.4,3,0.15,1
29.2,34.4,5.3,63.6,49.7,13.9,,410.5,410.5,0.329,200.1,3.1,0.15,1
28.5,33,4.4,66.6,54.9,11.7,,412,412,0.125,155.8,2.7,0.15,1
28.7,32.3,3.6,66.5,55.9,10.6,,412,412,0.679,145.4,3.1,0.15,1
28,31,3,66.8,57.5,9.3,,413,413,2.938,135.4,8.4,0.15,1
23.7,29.3,5.6,74.6,63.4,11.2,,438.5,438.5,0.527,294.6,3.4,0.15,1
23.8,29.6,5.8,73.4,61.1,12.3,,433,433,0.286,269.2,3.2,0.15,1
24.1,29.8,5.6,71.9,60,11.9,,433,433,0.523,270.5,3.4,0.15,1
24.4,30,5.6,70.1,58.2,11.9,,429,429,0.969,289.8,4.1,0.15,1
24.9,31,6.1,68,57.2,10.8,,429.5,429.5,1.004,337.1,4.2,0.15,1
25.1,32.3,7.2,67.3,53.4,13.9,,430,430,0.445,390.7,3.7,0.15,1
25.7,33.4,7.6,66.2,50.8,15.4,,431,431,0.185,388.6,3.6,0.15,1
26,34.1,8.1,66.1,49.4,16.7,,430,430,0.79,442.8,4.3,0.15,1
26.5,34.4,8,64.6,48.7,15.9,,429,429,0.868,417.6,4.4,0.15,1
26.5,34.4,7.9,62.2,46.8,15.4,,430,430,0.559,400.1,4,0.15,1
27,34.6,7.6,60.8,45.3,15.5,,425.5,425.5,1.007,446,4.5,0.15,1
27.2,33.7,6.5,59.1,43.9,15.2,,421,421,1.086,467,4.5,0.15,1
27.3,34.6,7.3,57.6,42.2,15.4,,420,420,1.886,500.9,6.3,0.15,1
27.8,34.1,6.3,57.1,42.9,14.2,,419.5,419.5,2.107,544.6,6.7,0.15,1
27.8,34.3,6.5,57.6,42.7,14.9,,417,417,1.64,483.6,5.6,0.15,1
27.8,33.1,5.3,55.5,41.6,13.9,,417,417,1.761,464.8,5.7,0.15,1
28,33.4,5.4,54.5,44.1,10.4,,418,418,1.599,409.8,5.4,0.15,1
28.2,34.5,6.3,54.6,41.4,13.2,,415,415,1.608,559.3,5.5,0.15,1
28.6,35,6.4,53.5,38.6,14.9,,414.5,414.5,1.979,596.4,6.4,0.15,1
28.3,35.2,6.9,54.6,40.6,14,,414,414,1.929,545.3,6.3,0.15,1
28.4,35.7,7.3,53.9,40.3,13.6,,413,413,0.834,474.8,4.2,0.15,1
28.5,36,7.5,54.1,39.5,14.6,,411.5,411.5,1.222,505.9,4.9,0.15,1
27.9,35.2,7.4,54.4,39,15.4,,412,412,1.412,441.3,5.3,0.15,1
27.6,33.7,6.1,56.3,43.5,12.8,,413,413,2.055,353.8,6.5,0.15,1
27.7,32.9,5.2,55.9,44.4,11.5,,415,415,1.482,350.4,5,0.15,1
27.9,33.7,5.8,55.7,43.8,11.9,,412,412,1.835,391.4,6,0.15,1
28.3,34.2,6,54.4,40.9,13.5,,408.5,408.5,1.798,436.6,5.9,0.15,1
28.4,34.8,6.4,53.1,40.7,12.4,,409,409,2.436,440.6,7.5,0.15,1
28.2,33.8,5.6,50.4,38.8,11.6,,410,410,2.052,428.7,6.5,0.15,1
28.5,33.1,4.6,49.8,40.3,9.5,,411.5,411.5,2.281,417.3,6.9,0.15,1
28.3,32.9,4.6,49.5,40.5,9,,413.5,413.5,2.383,359.1,7.2,0.15,1
28.2,32.8,4.6,50.8,41.3,9.5,,413.5,413.5,2.152,360,6.6,0.15,1
28.8,33.5,4.7,49,40,9,,411.5,411.5,1.842,395.3,5.8,0.15,1
28.1,33.2,5.1,49.1,39.9,9.2,,411.5,411.5,1.22,376.7,4.5,0.15,1
27.8,31.9,4.1,49.7,40.5,9.2,,413,413,1.994,312.1,6.1,0.15,1
28.2,31.8,3.6,49.2,41.8,7.4,,414,414,1.681,292.3,5.3,0.15,1
28.1,31.7,3.6,49.7,41.9,7.8,,413.5,413.5,1.526,290.4,4.9,0.15,1
27.8,32.3,4.4,49.3,42.5,6.8,,411,411,1.729,304.4,5.5,0.15,1
27.9,32.2,4.3,49.9,42.3,7.6,,409.5,409.5,2.097,284.9,6.4,0.15,1
27.5,31.3,3.8,50.4,42.1,8.3,,410.5,410.5,1.642,262.5,5.2,0.15,1
27.5,31,3.4,50.2,44.1,6.1,,411.5,411.5,1.305,240.1,4.3,0.15,1
27.6,30.7,3.1,51.5,46,5.5,,411.5,411.5,1.392,214.3,4.5,0.15,1
27.4,30,2.6,50.3,44.5,5.8,,412.5,412.5,1.305,193.9,4.2,0.15,1
27.2,29.7,2.4,52.5,47.9,4.6,,415,415,0.852,173.4,3.1,0.15,1
27.3,29.6,2.3,53.2,49,4.2,,413.5,413.5,1.021,144.9,3.4,0.15,1
26.7,28.6,1.9,53.3,48.2,5.1,,415,415,2.194,126,6.3,0.15,1
26.5,28.1,1.7,53.7,50,3.7,,416.5,416.5,1.61,119.2,4.8,0.15,1
26.2,27.9,1.7,56,51.1,4.9,,415.5,415.5,1.953,108.3,5.7,0.15,1
26.1,27.7,1.6,56.1,52.6,3.5,,417,417,1.016,94.7,3.3,0.15,1
24.5,30.5,6,56.9,47.7,9.2,403,411,8,1.639,396.4,6.9,0.18,1
24.9,32.7,7.8,55.8,40.4,15.4,401.5,408.3,6.8,1.82,552.4,7.7,0.18,1
24.8,31.2,6.4,54.3,40.7,13.6,401,409.3,8.3,2.034,445.7,8,0.18,1
25.2,34.5,9.3,53.2,35.2,18,400.5,409.7,9.2,2.156,700.4,8.9,0.18,1
25.8,33.2,7.4,52.7,35.8,16.9,399.5,409.7,10.2,1.921,656.9,7.9,0.18,1
25.9,35.5,9.6,51.1,34,17.1,399.5,410,10.5,2.891,682.6,11,0.18,1
26.3,36.8,10.5,50.6,31.9,18.7,400,409,9,2.285,832,9.4,0.18,1
26.4,35,8.6,52.8,34.9,17.9,399,409,10,2.246,588,9,0.18,1
26.9,36.1,9.2,52,33.5,18.5,397.5,408.7,11.2,1.959,740.2,8.3,0.18,1
26.5,35.6,9.1,50.1,33.6,16.5,398,408.3,10.3,1.912,719.1,8.2,0.18,1
26.2,33.1,6.9,51.5,36.1,15.4,400,409.3,9.3,2.83,513.5,10.4,0.18,1
26.5,32.4,5.9,50.7,37.6,13.1,399.5,409.7,10.2,2.957,607.4,10.7,0.18,1
27.2,33.6,6.4,48.8,35.9,12.9,397.5,409,11.5,3.199,615.7,11.5,0.18,1
26.9,32,5.1,47.6,37.1,10.5,398,409.7,11.7,3.903,601.5,13.5,0.18,1
26.7,32.1,5.4,49.5,40.8,8.7,398.5,410,11.5,2.977,438.7,10.7,0.18,1
26.8,31.9,5.1,47.6,35.9,11.7,397.5,407.3,9.8,2.826,718.8,10.2,0.18,1
27,33.8,6.8,47.9,35.2,12.7,398,409,11,3.37,822,12,0.18,1
27.9,34.2,6.2,46.8,33.9,12.9,397.5,407.7,10.2,3.227,697,11.5,0.18,1
27.7,32.8,5.1,44.9,34,10.9,398,408.3,10.3,4.067,893,14.1,0.18,1
29,33.4,4.5,45,34.6,10.4,399,408.7,9.7,4.674,710.4,16,0.18,1
28.9,35.2,6.4,44.1,32,12.1,399,408,9,3.201,930,11.5,0.18,1
29.4,35.1,5.7,45,33,12,399,408.3,9.3,4.359,915,15.1,0.18,1
29.9,35.6,5.7,42.3,33.8,8.5,399.5,408,8.5,3.703,833,13,0.18,1
29,35.3,6.3,43.3,30.7,12.6,399.5,406.7,7.2,3.08,886,11.1,0.18,1
27.8,33.5,5.7,45,35,10,400,407.3,7.3,3.021,520.6,10.8,0.18,1
28.4,32.6,4.2,45.7,37.4,8.3,400.5,408.3,7.8,3.135,494,11,0.18,1
28.5,32.6,4.1,46.1,36.7,9.4,399.5,406.3,6.8,2.526,536.7,9.1,0.18,1
29.8,35.1,5.3,43.9,35.1,8.8,398,406.3,8.3,2.392,807,8.9,0.18,1
29.8,34.3,4.5,42.3,33.1,9.2,398,405,7,3.007,781,10.6,0.18,1
29.5,34,4.5,43.5,33,10.5,397,405.7,8.7,4.251,620.3,14.6,0.18,1
29.7,34.5,4.8,43.8,34.4,9.4,398.5,405.7,7.2,2.577,647.2,9.3,0.18,1
29.1,33.4,4.3,44,34.7,9.3,397,405.3,8.3,3.534,525.1,12.3,0.18,1
28.9,33,4.1,43.9,35.3,8.6,399.5,406,6.5,3.004,503.9,10.6,0.18,1
29.4,35.3,5.9,42.2,33.8,8.4,398.5,404.7,6.2,2.224,577.8,8.5,0.18,1
28.5,33.5,5.1,43.1,34.1,9,398.5,404.3,5.8,2.639,476.7,9.6,0.18,1
28.3,32.6,4.3,43.9,35.5,8.4,399.5,406,6.5,2.136,430.2,7.9,0.18,1
28.6,33.3,4.7,43.7,35.2,8.5,398,405.3,7.3,2.237,456.7,8.3,0.18,1
29.2,33.9,4.7,43,35.3,7.7,397,403.7,6.7,2.449,403.6,8.9,0.18,1
29.9,34.6,4.7,39.5,30.6,8.9,396.5,403.7,7.2,3.091,679.9,10.9,0.18,1
29.6,33.5,3.9,40.6,31.3,9.3,397.5,406.7,9.2,3.377,614.8,11.7,0.18,1
29.6,33.8,4.2,41.7,33.4,8.3,399.5,407,7.5,3.842,569.9,13.2,0.18,1
30.2,33.9,3.6,39.6,32.1,7.5,398.5,406,7.5,3.338,522.7,11.6,0.18,1
28.7,33.3,4.6,41.3,32.2,9.1,399,406.3,7.3,2.862,511.5,10.2,0.18,1
28.8,33.7,4.9,41.3,32.4,8.9,401,407.3,6.3,2.792,429.8,10,0.18,1
29,33.6,4.5,41.6,32.8,8.8,398.5,406.3,7.8,3.112,451.7,11,0.18,1
29.5,33.4,3.9,40.9,32.7,8.2,399,405.7,6.7,3.03,398.1,10.6,0.18,1
28.5,32.4,4,42.1,34.2,7.9,399,405.7,6.7,3.59,337.8,12.4,0.18,1
27.7,31.2,3.5,44.3,36.9,7.4,401,407,6,2.499,276.5,8.9,0.18,1
27.6,32.4,4.8,45.1,36.1,9,402,408,6,2.488,308.6,9.1,0.18,1
22.3,27.7,5.4,69.4,55.6,13.8,408,417.3,9.3,1.364,275.4,6,0.18,1
22.7,29,6.2,67.9,54.3,13.6,407.5,416,8.5,0.499,317.9,4.6,0.18,1
23.1,30,6.9,68,51.8,16.2,406.5,416.3,9.8,0.197,330.4,4.5,0.18,1
23.5,30,6.5,68.4,51.1,17.3,405,417.3,12.3,0.44,374.7,4.6,0.18,1
23.9,31.8,7.9,66.5,46.5,20,405.5,417,11.5,0.264,485.5,4.9,0.18,1
24,32.5,8.5,64.8,43.6,21.2,404.5,415.7,11.2,0.881,525.3,5.8,0.18,1
24,34.9,10.8,64.4,39.9,24.5,404.5,416,11.5,1.15,618.1,6.8,0.18,1
24.9,35.3,10.4,61.8,38.7,23.1,402.5,415.7,13.2,0.468,657,5.7,0.18,1
25.5,36.1,10.6,61.4,37.5,23.9,401,415,14,0.881,672.2,6.3,0.18,1
26,36.4,10.3,58.5,36.9,21.6,401,413.7,12.7,0.965,699.2,6.3,0.18,1
26.1,37.7,11.5,57.8,34.9,22.9,400.5,413,12.5,0.551,731.6,6.1,0.18,1
25.7,37.7,12,58,34.1,23.9,400,413,13,1.67,760,8.1,0.18,1
25.7,37.3,11.5,57.9,35.5,22.4,399.5,413.7,14.2,0.823,739.1,6.4,0.18,1
27.1,36.7,9.6,55.2,36.2,19,398.5,413.3,14.8,0.838,781.6,6,0.18,1
26.8,39.2,12.5,56.1,32.3,23.8,397.5,410.7,13.2,0.909,820,6.7,0.18,1
26.7,37.2,10.5,53.2,33,20.2,398,411.7,13.7,0.853,772.2,6.2,0.18,1
28.2,39.6,11.3,53.8,33.1,20.7,398,410.3,12.3,0.878,847,6.4,0.18,1
28.1,38,9.9,52.8,31.9,20.9,396.5,411,14.5,0.963,751.1,6.2,0.18,1
27.2,34.7,7.5,54.8,38.8,16,396.5,414,17.5,1.323,629.7,6.4,0.18,1
27.6,38,10.4,51.7,33.6,18.1,396,410,14,1.658,838,7.8,0.18,1
27.4,36.6,9.1,51.6,33.6,18,395.5,409.7,14.2,1.67,906,7.6,0.18,1
28.1,36.9,8.8,51.8,33.2,18.6,396,409.7,13.7,1.412,741.2,6.9,0.18,1
27.4,37.6,10.1,51.5,32.6,18.9,394,408.3,14.3,2.204,803,9.1,0.18,1
27.9,37.7,9.9,49.3,32.6,16.7,394.5,408,13.5,1.728,769.7,7.8,0.18,1
28.6,39,10.4,48.5,29.3,19.2,394.5,408.3,13.8,1.108,896,6.6,0.18,1
29.6,40,10.5,44.9,28.7,16.2,394,408.7,14.7,0.569,891,5.8,0.18,1
29.1,39.5,10.4,45.9,29,16.9,395,407.7,12.7,0.682,799,5.9,0.18,1
28.7,36.6,7.9,46.5,32.4,14.1,395,409,14,1.724,554.9,7.5,0.18,1
29.4,39.1,9.7,44.9,28.5,16.4,394.5,407.7,13.2,1.875,861,8.2,0.18,1
29.8,40.3,10.6,43.3,28.4,14.9,394,408,14,0.852,852,6.2,0.18,1
28.8,40.4,11.6,44.9,28.2,16.7,393.5,406,12.5,1.075,852,6.8,0.18,1
28.5,38.8,10.4,42.4,27.3,15.1,393.5,407.7,14.2,1.617,610.2,7.7,0.18,1
28.2,35,6.8,44.7,32.2,12.5,393.5,408,14.5,0.749,371.5,5.1,0.18,1
27.5,31.9,4.4,51.6,43.7,7.9,395.5,411.3,15.8,2.093,143.4,7.8,0.18,1
29.1,37,7.9,47.5,34.8,12.7,392.5,406,13.5,1.542,728.6,7,0.18,1
29.6,37.8,8.2,42.2,30,12.2,390.5,404.7,14.2,1.698,705.3,7.4,0.18,1
30.6,38.8,8.2,41.2,28.8,12.4,391,405,14,1.631,715.9,7.3,0.18,1
28.1,34.6,6.5,46.4,35,11.4,393,405.3,12.3,1.353,273.1,6.2,0.18,1
29.9,37.5,7.6,42.4,33.1,9.3,393.5,406.7,13.2,1.28,456.2,6.3,0.18,1
29.7,38.9,9.2,41.7,29.5,12.2,392.5,403.7,11.2,0.869,574,5.9,0.18,1
29.7,38.7,9,42.4,28.2,14.2,392.5,404.3,11.8,1.907,590.3,8.1,0.18,1
28.6,35.5,6.9,44.5,32,12.5,392.5,405,12.5,1.695,371.8,7.2,0.18,1
28.8,34.6,5.9,45.5,36.1,9.4,394,407.7,13.7,1.614,263.3,6.8,0.18,1
28.5,34.7,6.1,45,36.5,8.5,392.5,404.7,12.2,1.259,290.4,5.9,0.18,1
28.8,35.3,6.5,45.8,35.2,10.6,390.5,403.7,13.2,1.717,388.4,7.2,0.18,1
27.7,32.4,4.7,48.8,38.7,10.1,392.5,404.3,11.8,1.902,215.6,7.3,0.18,1
26.9,30.3,3.4,53,45.5,7.5,394.5,408,13.5,1.675,112.7,6.4,0.18,1
26,28.1,2.1,55.4,49.3,6.1,396.5,410,13.5,2.86,77.8,9.8,0.18,1
25.8,27.4,1.6,57.1,52.4,4.7,398,412.3,14.3,2.229,75.96,7.7,0.18,1
22.5,32.6,10.1,72.5,46.1,26.4,430.5,425.7,4.8,0.58,449.5,5.8,0.18,1
22.8,34.4,11.6,71.2,45.3,25.9,430,423.3,6.7,0.464,454.6,6,0.18,1
23.4,35.1,11.7,70.1,44,26.1,430.5,424.7,5.8,0.902,518.2,6.6,0.18,1
23.4,33.2,9.8,70.8,45.1,25.7,430.5,426.3,4.2,0.894,374.2,6.1,0.18,1
23.7,33.8,10.1,70.8,44.8,26,429,425.3,3.7,0.981,501.7,6.3,0.18,1
24,33.3,9.3,67.1,45.7,21.4,428,424.7,3.3,0.882,414.1,6,0.18,1
24.4,33.7,9.3,66.1,46.4,19.7,429,422.7,6.3,0.853,494.2,5.9,0.18,1
25.1,34.7,9.6,65,42.9,22.1,428.5,423.7,4.8,1.158,618.6,6.5,0.18,1
25.4,34.2,8.8,64.1,42.5,21.6,426,424.7,1.3,1.155,627.6,6.4,0.18,1
26.1,35.3,9.2,62.2,40.4,21.8,425.5,422.3,3.2,0.965,691.5,6.1,0.18,1
26,35.7,9.7,55.1,36.2,18.9,423,420,3,1.07,655.5,6.4,0.18,1
26.3,35.6,9.3,54.8,36,18.8,421.5,419.7,1.8,1.856,769.7,8.1,0.18,1
25.7,36,10.3,54.1,35.7,18.4,420.5,418.3,2.2,1.945,679.5,8.5,0.18,1
25.9,34.6,8.8,54.6,38.2,16.4,421,419.3,1.7,2.126,649,8.7,0.18,1
25.8,32.8,7,55.1,40.6,14.5,421.5,419.3,2.2,2.399,393.9,9.2,0.18,1
25.5,32.1,6.6,55.1,38.8,16.3,419.5,418,1.5,1.821,548,7.5,0.18,1
26.9,35.4,8.5,51.1,37.5,13.6,419.5,418.3,1.2,1.721,662.2,7.6,0.18,1
27.1,34.1,7,51.1,35.3,15.8,418.5,416,2.5,1.336,646.9,6.3,0.18,1
26.2,33.9,7.7,50.9,35.6,15.3,418,415,3,1.469,571.3,6.8,0.18,1
26.2,31.9,5.7,53.7,41.3,12.4,417.5,414.7,2.8,1.628,385.8,6.8,0.18,1
27.4,34.7,7.3,50.3,39.3,11,417.5,414,3.5,1.34,551.1,6.4,0.18,1
26.9,33.4,6.5,51.5,39.3,12.2,415.5,412.3,3.2,0.631,360.9,4.8,0.18,1
28.4,38.7,10.3,46.2,31.6,14.6,415,409,6,0.976,870,6.3,0.18,1
27.3,36.4,9.1,47.2,31.8,15.4,414.5,410.7,3.8,1.075,603.6,6.2,0.18,1
27.2,35.1,7.9,48,34.3,13.7,413.5,411.3,2.2,1.072,393.6,6,0.18,1
26.8,32.6,5.8,49.7,38.1,11.6,415,412,3,1.252,276.3,5.8,0.18,1
29,37.5,8.5,45.1,31.8,13.3,414,410,4,0.803,740.2,5.6,0.18,1
29.3,40.6,11.4,44.2,28.2,16,415,408.7,6.3,1.267,771.9,7.1,0.18,1
30.1,42.1,11.9,41.8,25.5,16.3,415,412,3,0.72,912,6.3,0.18,1
27.3,35.5,8.2,49.6,33,16.6,415.5,414,1.5,1.012,500.8,5.9,0.18,1
27.7,34.2,6.5,49.8,38.5,11.3,414.5,417,2.5,1.943,228,7.8,0.18,1
29,39.3,10.3,45.1,30.9,14.2,411,411.7,0.7,0.766,772.5,6,0.18,1
29.9,40,10.1,42.5,27.6,14.9,410,410.7,0.7,1.026,760.9,6.4,0.18,1
27.5,34.9,7.5,47.6,32.5,15.1,411.5,413,1.5,1.691,490,7.3,0.18,1
28.9,36,7.1,44.6,35.5,9.1,411.5,414.3,2.8,1.356,441.7,6.4,0.18,1
29,38.5,9.5,45.7,31.4,14.3,410,410.7,0.7,0.831,690.8,5.9,0.18,1
29.6,38.3,8.7,44.6,30.6,14,408.5,409.7,1.2,1.75,654.8,7.7,0.18,1
29.1,36.9,7.8,44.1,33.1,11,409,410.7,1.7,1.498,519.8,6.9,0.18,1
29.1,37.9,8.8,42,30,12,408.5,409.3,0.8,1.056,547.2,6.1,0.18,1
29.6,37.6,8.1,41.9,29.5,12.4,408.5,408,0.5,1.426,572.1,6.8,0.18,1
29.7,38,8.3,41.8,30.5,11.3,406.5,407.7,1.2,1.107,560.7,6.1,0.18,1
29.6,37.4,7.9,41.9,29,12.9,407,408,1,1.802,532,7.6,0.18,1
30.1,37.7,7.6,42.8,30.6,12.2,407,408,1,2.148,499,8.5,0.18,1
29,35.3,6.3,45.8,34,11.8,407,408.3,1.3,1.203,241.4,5.8,0.18,1
29.3,36.4,7.1,44.4,33.9,10.5,407.5,409.3,1.8,2.188,421.7,8.6,0.18,1
29.2,37.1,7.9,42.4,31.9,10.5,407,406.3,0.7,1.555,386.2,7,0.18,1
29.5,37.2,7.7,42.1,31.5,10.6,407,406,1,1.238,355.1,6.3,0.18,1
28.6,35.7,7.1,45.3,32.5,12.8,407.5,406.7,0.8,1.303,317,6.3,0.18,1
28.8,35.2,6.4,44.4,34.9,9.5,408,408,0,1.405,279,6.3,0.18,1
22.3,33,10.7,70.9,46.1,24.8,424.5,423,1.5,0.458,439.6,5.8,0.18,1
22.5,34,11.5,70.7,43.4,27.3,424,420,4,1.196,473.7,7,0.18,1
22.4,31.9,9.5,71.2,45.7,25.5,424,421.7,2.3,1.007,386.5,6.2,0.18,1
22.3,28.3,6,72.7,55.3,17.4,424,425,1,1.225,196.8,5.8,0.18,1
23,29.1,6.1,69.9,55,14.9,423.5,424.3,0.8,0.449,295.6,4.5,0.18,1
24.1,33.4,9.3,65.2,45.9,19.3,423.5,421.3,2.2,0.12,565.9,5.2,0.18,1
24.2,34.6,10.4,65.8,41.4,24.4,421.5,421,0.5,0.343,614.7,5.6,0.18,1
24.7,35.2,10.5,66.2,41.2,25,420,420,0,0.897,640.8,6.3,0.18,1
25.4,35.8,10.4,61.8,40,21.8,417,417.7,0.7,0.574,663.6,5.8,0.18,1
25.9,36.3,10.4,60.2,39.3,20.9,416.5,418.3,1.8,1.048,684.5,6.5,0.18,1
25.9,35.7,9.8,58.8,37.2,21.6,414,415.7,1.7,1.319,695.1,6.9,0.18,1
26.2,34,7.9,59.4,41.7,17.7,410.5,412.7,2.2,1.364,468.8,6.6,0.18,1
26.6,33.5,6.9,57.8,45,12.8,409,409.7,0.7,0.246,373.3,4.5,0.18,1
27,33.5,6.6,57.1,44.6,12.5,409.5,409.3,0.2,0.251,414.9,4.4,0.18,1
26.5,34,7.5,56.6,43.2,13.4,408.5,407.7,0.8,0.582,412.9,5.1,0.18,1
26.8,34.1,7.3,56.5,43.6,12.9,408.5,406.3,2.2,1.067,392.8,5.8,0.18,1
27.1,33.5,6.3,56.4,43.5,12.9,407.5,405,2.5,0.484,376.2,4.6,0.18,1
26.9,34,7.1,56.3,42.1,14.2,405.5,403.3,2.2,0.467,437,4.8,0.18,1
27.8,35.3,7.5,54.6,42.2,12.4,405,403.3,1.7,0.42,468.8,4.9,0.18,1
27.6,34.1,6.5,55.4,41.9,13.5,405,402,3,0.505,435,4.6,0.18,1
26.8,32.5,5.7,57.6,45.5,12.1,404.5,403.3,1.2,1.273,315,5.9,0.18,1
27,32.5,5.4,57.6,46.3,11.3,404.5,403,1.5,0.968,302,5.1,0.18,1
27,32.7,5.7,55.8,45.9,9.9,403,403.7,0.7,0.337,313.5,4.2,0.18,1
27.3,33.4,6.1,56.4,43.9,12.5,404,402.7,1.3,0.594,367,4.6,0.18,1
27.9,33.6,5.7,56.8,45.5,11.3,403.5,402,1.5,0.536,382.7,4.4,0.18,1
27.7,32.9,5.1,56.4,46.8,9.6,403,399.7,3.3,0.39,279.3,4.1,0.18,1
27.2,31.9,4.6,57.8,49.1,8.7,404.5,403,1.5,0.909,242.2,4.7,0.18,1
27.5,31.8,4.3,57.3,48.8,8.5,405,404.7,0.3,0.599,226.8,4,0.18,1
28,32.7,4.7,56.8,47.4,9.4,402.5,402.7,0.2,0.715,315.9,4.4,0.18,1
27.7,32.6,4.9,57.2,47,10.2,401.5,402.3,0.8,0.533,350.2,4.2,0.18,1
28.1,33.6,5.5,58.1,46.3,11.8,402.5,401,1.5,0.716,360.7,4.6,0.18,1
28.5,33.6,5.1,57.5,45.3,12.2,401,400,1,1.35,399.4,5.9,0.18,1
29,34,5.1,55.6,44.1,11.5,400.5,398.3,2.2,2.092,422.6,7.9,0.18,1
29,34.8,5.8,56,43.9,12.1,400.5,398.7,1.8,2.1,441.2,8.1,0.18,1
29.2,34.2,5,56.5,43.8,12.7,400.5,399,1.5,2.879,409.7,10.3,0.18,1
28.8,33.9,5.1,57,46.5,10.5,400.5,400,0.5,2.252,370.3,8.4,0.18,1
28.6,32.8,4.2,57.6,47.5,10.1,401.5,400,1.5,2.211,323,8.1,0.18,1
28,31.9,3.9,59.8,50.5,9.3,402,402,0,2.287,243.3,8.3,0.18,1
28.1,32.1,4,60.3,50.1,10.2,401.5,401.3,0.2,2.59,305,9.3,0.18,1
28.1,32.2,4.1,60.9,50,10.9,401,400.3,0.7,2.858,333.7,10.1,0.18,1
28.1,32.4,4.3,60.9,50,10.9,401,400.7,0.3,2.544,307.4,9.2,0.18,1
28,32.6,4.7,61.6,50.2,11.4,401,400,1,2.629,328.5,9.5,0.18,1
28,33.6,5.6,60.2,46.6,13.6,400,399.3,0.7,2.548,407.9,9.4,0.18,1
28.3,33.3,5,61.3,48.4,12.9,401.5,400.7,0.8,2.543,279,9.3,0.18,1
28.5,34.5,6,60.2,45.3,14.9,400.5,400.7,0.2,2.333,387.3,8.8,0.18,1
28.6,34.4,5.8,60.3,46.1,14.2,401.5,401.3,0.2,2.622,298,9.6,0.18,1
28.8,33.8,5,59.4,45.3,14.1,401,400.7,0.3,3.054,353.4,10.8,0.18,1
27.6,32.2,4.7,61.9,48.7,13.2,403.5,402.3,1.2,3.05,262.8,10.8,0.18,1
27.5,32.4,5,62,48.2,13.8,404.5,403,1.5,2.962,288.2,10.6,0.18,1
24.4,25.8,1.4,90.7,84.6,6.1,407.5,413,5.5,3.878,128.1,13,0.18,1
25.1,27.2,2.1,88.1,79,9.1,406,411.7,5.7,3.199,186.6,10.9,0.18,1
25.3,27.2,1.9,85.2,75.7,9.5,405.5,411,5.5,3.987,213.2,13.5,0.18,1
25.9,28.4,2.5,84.6,74.6,10,405,410,5,3.153,248.6,10.8,0.18,1
25.9,28.3,2.4,82.6,73.1,9.5,404.5,409,4.5,3.906,228.6,13.3,0.18,1
25.4,27.1,1.7,84.7,77,7.7,406,410.7,4.7,2.937,88,10,0.18,1
25,25.8,0.9,86.9,81.3,5.6,408,413.7,5.7,3.731,48.33,12.5,0.18,1
24.3,25.3,1,90.5,85.6,4.9,409.5,416,6.5,3.323,28.81,11.2,0.18,1
24,24.7,0.7,92.9,88.6,4.3,411,417.3,6.3,4.277,28.62,14.3,0.18,1
24,24.7,0.7,94.3,90,4.3,410.5,416.3,5.8,3.945,49.94,13.2,0.18,1
24.2,25,0.9,93.8,89.4,4.4,409,416,7,4.12,62.21,13.8,0.18,1
24.2,25.2,0.9,93.3,88.6,4.7,408.5,415.3,6.8,4.102,62.2,13.7,0.18,1
24.5,25.7,1.2,93.3,87,6.3,408,413.7,5.7,3.676,105.7,12.4,0.18,1
24.9,26.7,1.9,92.6,83.7,8.9,407,411.3,4.3,3.478,165.4,11.8,0.18,1
25.2,27,1.8,89.4,80.2,9.2,407,410.3,3.3,3.028,153.1,10.3,0.18,1
25.3,27.3,2.1,88.8,78.9,9.9,407,412,5,3.93,162.3,13.3,0.18,1
25.7,28.3,2.7,86.6,75.7,10.9,406.5,409.3,2.8,3.785,237.1,12.9,0.18,1
26.4,30.1,3.8,84,69.3,14.7,405.5,408.7,3.2,3.099,337.8,10.8,0.18,1
26.4,30.6,4.3,80.2,65.4,14.8,405.5,409.7,4.2,3.811,391.5,13.2,0.18,1
26.2,30.1,3.9,80.5,66.2,14.3,406,409,3,3.273,289.4,11.4,0.18,1
25,28.1,3.1,83.9,71.8,12.1,408,411.7,3.7,3.604,187.6,12.4,0.18,1
25,28.2,3.2,86.6,73.4,13.2,409,411.7,2.7,3.092,248.5,10.7,0.18,1
24.1,26.4,2.4,88,77.1,10.9,410.5,413.7,3.2,3.713,138.4,12.6,0.18,1
23.9,26,2.1,90.6,80.5,10.1,411,416,5,2.784,127.2,9.6,0.18,1
24.4,26.6,2.2,89,77.5,11.5,409,414.3,5.3,2.826,243.8,9.7,0.18,1
24,25.6,1.7,89.3,80.5,8.8,410.5,416.3,5.8,2.029,93.1,7.1,0.18,1
24,26.5,2.5,92.4,81.9,10.5,410.5,414.7,4.2,1.809,151.5,6.6,0.18,1
24.1,26.5,2.3,90.8,79.2,11.6,409.5,413.7,4.2,2.849,187.5,9.8,0.18,1
24.2,26.1,1.9,89.3,80.2,9.1,410.5,417,6.5,2.84,116.9,9.7,0.18,1
24.4,27,2.6,88.3,77,11.3,410,415.7,5.7,2.918,194.5,10.1,0.18,1
24.5,27.6,3.2,87.9,73.5,14.4,409,412.7,3.7,3.278,254,11.3,0.18,1
24.5,27.5,3,88.9,74.4,14.5,410,414.3,4.3,2.41,204.3,8.5,0.18,1
24.9,29.1,4.2,89.1,71.8,17.3,409.5,412.7,3.2,2.75,299,9.8,0.18,1
24.8,28.5,3.6,86,70,16,410,413.3,3.3,1.892,261.9,7.1,0.18,1
24.7,27.1,2.5,85.3,73.9,11.4,411,416,5,1.132,157.8,4.6,0.18,1
24.2,26.8,2.6,86.6,75.3,11.3,413,418.3,5.3,1.101,130.4,4.6,0.18,1
24,26.2,2.2,89.1,77.7,11.4,413.5,421,7.5,1.362,103,5.2,0.18,1
24.1,26.5,2.4,89.6,78.3,11.3,413.5,420.7,7.2,1.207,117.6,4.8,0.18,1
25.9,31.3,5.4,83.3,65.7,17.6,412.5,417.7,5.2,0.941,420.4,5.1,0.18,1
27.7,34.4,6.7,76.7,54.5,22.2,411,415.3,4.3,1.575,506.7,6.8,0.18,1
28,35.4,7.3,71.8,47.6,24.2,413.5,415,1.5,1.273,554.5,6.2,0.18,1
27.9,36.5,8.5,65.8,44.8,21,415,416.3,1.3,1.778,519.9,7.7,0.18,1
27.9,36.2,8.2,66.8,43.8,23,415,418.7,3.7,2.014,544.8,8.3,0.18,1
28.6,36.2,7.6,62,43.1,18.9,415.5,418.3,2.8,1.283,473.4,6.3,0.18,1
28.6,36.6,8,63.2,43.6,19.6,416.5,418.7,2.2,0.944,423.4,5.7,0.18,1
27.6,34.4,6.9,68,46.6,21.4,415.5,417,1.5,1.262,354.5,6.1,0.18,1
26,30.7,4.7,73.4,57.3,16.1,417,422.3,5.3,1.382,107.9,5.9,0.18,1
25.9,30.4,4.6,73.5,58.4,15.1,418,423.7,5.7,1.281,134.3,5.6,0.18,1
27.4,33.4,5.9,66.9,49.9,17,414.5,419.3,4.8,0.977,341.7,5.3,0.18,1
23.6,34.1,10.5,72.5,48.4,24.1,439,440.3,1.3,0.549,417.2,5.8,0.18,1
23.9,33.9,10.1,72.4,46.7,25.7,438,441.3,3.3,0.963,445.6,6.3,0.18,1
24.5,34.5,10,70.6,45.8,24.8,436,441,5,0.767,476.6,6,0.18,1
24.7,35.3,10.6,69.8,44.4,25.4,433.5,437,3.5,0.463,506.1,5.8,0.18,1
25.4,35.7,10.4,68.1,42,26.1,431.5,436.3,4.8,0.791,528.5,6.1,0.18,1
26.6,36.8,10.2,66,41.2,24.8,428.5,434.7,6.2,0.632,544.7,5.8,0.18,1
27.1,34.6,7.5,62.9,43.2,19.7,422,433,11,0.953,589.5,5.6,0.18,1
27.6,35.4,7.9,61.7,41.9,19.8,417.5,427,9.5,1.388,619.9,6.6,0.18,1
27.7,35.6,7.9,60.2,40.2,20,416.5,424.3,7.8,2.494,650.4,9.6,0.18,1
28.2,36.6,8.4,60.3,41.3,19,417.5,426,8.5,2.268,679.3,9,0.18,1
29,36.6,7.6,57.2,39.3,17.9,417.5,425.3,7.8,2.273,703.8,8.9,0.18,1
28.3,35,6.7,58.1,41.6,16.5,418.5,425.3,6.8,1.676,521.3,7.1,0.18,1
29.4,37.8,8.4,54.1,35.8,18.3,418,424,6,1.219,650.4,6.4,0.18,1
29.1,36.3,7.2,55.2,39,16.2,419,426,7,1.715,741.9,7.3,0.18,1
29.1,36.1,7.1,56.2,41,15.2,418.5,424.7,6.2,1.212,579,6,0.18,1
29.5,36.2,6.6,54.1,37.6,16.5,417.5,424.3,6.8,2.072,766,8.2,0.18,1
29.8,36.4,6.6,53.5,39,14.5,417.5,428.3,10.8,2.2,813,8.5,0.18,1
29.4,36.9,7.5,53.9,38.3,15.6,418.5,426.7,8.2,0.88,749.7,5.5,0.18,1
28.7,36.3,7.6,54.2,37.7,16.5,416.5,424.7,8.2,1.147,752.5,6,0.18,1
24.4,27.3,2.8,51.6,44.1,7.5,418,429.7,11.7,4.477,124.6,15.2,0.18,1
17.8,21.2,3.5,84.6,68.9,15.7,434.5,426,8.5,6.217,10.04,20.9,0.18,1
17.3,20,2.7,91.4,75.4,16,506,423.3,82.7,3.686,30.65,12.6,0.18,1
17.8,20.1,2.3,94.1,79.8,14.3,614.5,423,191.5,4.438,73.49,15,0.18,1
18.8,22.2,3.4,92.5,74.3,18.2,660.5,418.7,241.8,4.184,260.6,14.3,0.18,1
20,25.1,5.1,87.1,65,22.1,660,414.7,245.3,4.098,381.7,14.2,0.18,1
22,30.9,8.8,81.3,49.6,31.7,669.5,411.3,258.2,4.64,872,16.3,0.18,1
22.4,31.3,8.9,78,47.1,30.9,625.5,407.3,218.2,3.299,716,12.1,0.18,1
23,31.4,8.5,76.8,49.1,27.7,587.5,404,183.5,1.821,518.1,7.8,0.18,1
24.1,34.4,10.3,73.7,43.3,30.4,569.5,403,166.5,0.358,732.6,5.6,0.18,1
24.2,33.7,9.5,73.5,43.6,29.9,550,403,147,1.085,535.4,6.4,0.18,1
25,34.6,9.5,70,41,29,536.5,402.3,134.2,1.356,753.7,6.9,0.18,1
25.7,34.9,9.2,67.7,39.6,28.1,520.5,403.3,117.2,2.792,735.7,10.6,0.18,1
26.6,35.5,8.8,68.4,42.2,26.2,525.5,403.7,121.8,2.288,719.9,9.1,0.18,1
27,36.2,9.2,67.3,40.8,26.5,549,403,146,1.576,698.5,7.3,0.18,1
27.4,36.4,8.9,62.6,40.1,22.5,544.5,403.3,141.2,1.661,672.7,7.5,0.18,1
27.8,37.8,9.9,61.3,37.3,24,484,403.7,80.3,1.366,646.9,7,0.18,1
28.2,38.5,10.3,52.4,33.1,19.3,469,405.3,63.7,0.758,622.8,6,0.18,1
28.7,38.5,9.8,50.7,33,17.7,461,406,55,0.566,596.8,5.6,0.18,1
28.9,38.9,10,49.6,31.6,18,447.5,406.3,41.2,0.361,568.6,5.5,0.18,1
29.3,38.2,8.9,49.8,34,15.8,440.5,407.7,32.8,1.058,540.3,6.2,0.18,1
29,37.3,8.4,52.5,33.2,19.3,442,407.7,34.3,0.851,507.9,5.7,0.18,1
28.6,36.7,8,55.5,36.9,18.6,442,410.3,31.7,0.915,477,5.7,0.18,1
29,36.8,7.8,57.7,37.5,20.2,442.5,409,33.5,1.434,446.1,6.7,0.18,1
28.6,36.3,7.7,57.5,38.4,19.1,442.5,407.7,34.8,1.776,412.7,7.6,0.18,1
28.5,35.8,7.3,59.8,41.5,18.3,441.5,408.3,33.2,2.538,375.4,9.6,0.18,1
28.4,35.9,7.5,61.3,43,18.3,441,407.3,33.7,2.004,340.3,8.1,0.18,1
27.7,35.1,7.4,63.1,43.3,19.8,434.5,406.7,27.8,1.833,304.9,7.6,0.18,1
27.4,33.9,6.5,63.4,44.9,18.5,405,407.7,2.7,2.188,268.6,8.5,0.18,1
27.5,32.8,5.3,64.4,48.4,16,406.5,410,3.5,1.872,231.4,7.4,0.18,1
23.4,33,9.6,59.5,36.8,22.7,412.5,419.3,6.8,0.488,451.5,3.1,0.12,1
23.6,33.6,10,59.6,41,18.6,409.5,416.3,6.8,1.402,481.5,4.3,0.12,1
24,35.4,11.4,59.3,38.3,21,414,418.7,4.7,0.536,509.6,3.4,0.12,1
23.7,36.7,13,56.2,35.3,20.9,412,416,4,1.647,539.3,5,0.12,1
24.2,36.2,12.1,52.6,32.5,20.1,411,416,5,2.059,572.4,5.6,0.12,1
24.3,36.7,12.4,50.1,32.9,17.2,408,415.3,7.3,1.442,600.8,4.6,0.12,1
24.5,37.1,12.7,49.5,31.2,18.3,408.5,415,6.5,1.459,626.4,4.6,0.12,1
25.2,37.5,12.3,49.3,30.1,19.2,409,414.3,5.3,1.48,649.5,4.6,0.12,1
25.2,37.9,12.7,47.4,28.5,18.9,407.5,414.3,6.8,1.124,674,4.1,0.12,1
25.6,38.1,12.5,43.2,27.8,15.4,404.5,413.7,9.2,0.852,699.8,3.8,0.12,1
25.7,38.3,12.6,43.8,27.3,16.5,403.5,412.7,9.2,1.778,682.9,5.1,0.12,1
26.1,37.4,11.3,45.5,28.3,17.2,404,413.7,9.7,2.642,737.3,6.6,0.12,1
26,36.5,10.5,43,27.3,15.7,402.5,412.3,9.8,3.014,759.9,7.3,0.12,1
26.2,36.2,10,41.6,27.1,14.5,401.5,411.7,10.2,3.769,776,8.9,0.12,1
26.9,36.5,9.5,40.4,26.9,13.5,398,410.7,12.7,3.314,799.4,7.9,0.12,1
26.7,36.2,9.5,39.5,26.1,13.4,399,409,10,3.053,799.8,7.3,0.12,1
27.4,37.6,10.2,38,25.5,12.5,398,408.7,10.7,2.796,830,6.9,0.12,1
26.8,36.7,9.8,39,26.3,12.7,398,408.3,10.3,3.264,836,7.8,0.12,1
27.7,37.4,9.8,39.9,25.8,14.1,398,408,10,2.996,857,7.2,0.12,1
28.5,37.8,9.3,37.3,24.1,13.2,397.5,407.3,9.8,2.874,880,7,0.12,1
28.2,37.7,9.6,38.5,25.9,12.6,397,408,11,3.433,950,8.1,0.12,1
28.3,38.5,10.2,37.9,24.2,13.7,397,407,10,2.817,840,6.9,0.12,1
27.7,38.1,10.4,38.6,24.8,13.8,397,407.7,10.7,2.769,831,6.8,0.12,1
27.3,35.3,8,41.3,29.3,12,396.5,408.3,11.8,2.665,452.9,6.5,0.12,1
28.3,39.5,11.2,37.7,24.3,13.4,393,404.7,11.7,2.376,849,6.1,0.12,1
28.5,39.8,11.3,37.4,22.9,14.5,393.5,406,12.5,1.897,817,5.2,0.12,1
27.7,38.4,10.6,40.3,25,15.3,396,406.7,10.7,1.378,596.5,4.3,0.12,1
28.5,39.1,10.6,38.4,23.7,14.7,395,406,11,2.488,779.3,6.3,0.12,1
29.3,40.2,10.9,37.6,24.8,12.8,397,406.3,9.3,1.998,767,5.4,0.12,1
29,39.5,10.5,37.9,24.1,13.8,396,407.3,11.3,1.959,776.8,5.3,0.12,1
28.8,40.3,11.5,37.3,24.9,12.4,395.5,407.3,11.8,1.658,785.8,4.8,0.12,1
29.5,41.1,11.6,37,23.2,13.8,396.5,407.3,10.8,1.472,764.7,4.5,0.12,1
29.4,42.3,12.9,36.6,21.5,15.1,396.5,408,11.5,1.445,745.9,4.6,0.12,1
28.9,41.2,12.3,38,22.2,15.8,395.5,408.3,12.8,1.275,671.2,4.3,0.12,1
29.3,38.8,9.5,34.3,23.7,10.6,397.5,409.7,12.2,3.493,607,8.2,0.12,1
29.6,40.6,11,35.1,22.9,12.2,396,408,12,2.419,736.2,6.2,0.12,1
29.4,40.1,10.7,35.4,23.2,12.2,395.5,406.7,11.2,2.928,691.1,7.2,0.12,1
29,39.4,10.4,35.4,23.1,12.3,396,406.7,10.7,2.685,645.3,6.7,0.12,1
29.4,39.3,9.9,34.8,24.2,10.6,395.5,407.3,11.8,2.076,565.9,5.4,0.12,1
29.1,39.8,10.7,33.3,23.6,9.7,395.5,406,10.5,1.839,565.9,5.1,0.12,1
29.3,40.5,11.2,34.3,23.1,11.2,395.5,405,9.5,1.066,512.7,3.9,0.12,1
30,40.2,10.1,33.8,23.1,10.7,395.5,404.7,9.2,1.515,485.2,4.5,0.12,1
29.3,39.3,10,35.9,24.6,11.3,395.5,405,9.5,1.801,469.8,4.9,0.12,1
28.5,37.8,9.3,38.4,26.1,12.3,395.5,405.3,9.8,1.647,357.3,4.6,0.12,1
29.2,37.5,8.3,37.3,27.2,10.1,396,405.3,9.3,1.903,357.2,5,0.12,1
29,36.9,7.9,37.4,27.8,9.6,395,404.7,9.7,1.751,354.5,4.7,0.12,1
27.3,32.8,5.5,43.6,35.2,8.4,396.5,406.3,9.8,1.941,187.6,4.8,0.12,1
26.6,31.4,4.8,48.5,40.4,8.1,397.5,407.3,9.8,0.73,157,2.6,0.12,1
25.5,30.1,4.6,60.4,48.6,11.8,399,408,9,0.149,137.9,2,0.12,1
20.7,26.5,5.8,73.2,63.6,9.6,438,439,1,0.744,253.1,2.8,0.12,1
20.7,27.6,6.9,73.3,61.1,12.2,436.5,436.3,0.2,0.311,292.5,2.6,0.12,1
21.2,28.8,7.6,69.5,58.2,11.3,433.5,432,1.5,0.174,310.3,2.6,0.12,1
21.3,29,7.7,66.5,55.4,11.1,429.5,428.7,0.8,0.273,317.4,2.7,0.12,1
21.7,31.8,10.1,64.3,50.6,13.7,423,428,5,0.347,426.8,3.1,0.12,1
22.1,33.5,11.4,63.2,47.9,15.3,422,424,2,0.73,466,3.5,0.12,1
23.6,36.1,12.5,58.9,40.3,18.6,420.5,423,2.5,0.36,587.8,3.4,0.12,1
24.2,37.6,13.4,56.9,36.5,20.4,417.5,422,4.5,0.558,660.1,3.6,0.12,1
24.3,37.8,13.5,55.8,36.5,19.3,417.5,423.3,5.8,0.281,628.5,3.5,0.12,1
23.7,39.2,15.4,58,35.3,22.7,417,422,5,0.764,681.6,4,0.12,1
23.8,38.3,14.6,58.6,34.6,24,416.5,423.7,7.2,0.834,618.8,4,0.12,1
24.4,37.2,12.8,57.2,34.5,22.7,416,423,7,0.883,561.4,3.9,0.12,1
25.1,37.3,12.1,58.3,35.9,22.4,416.5,423.3,6.8,0.862,543.5,3.8,0.12,1
25.4,38.7,13.3,55.9,33.1,22.8,415.5,423,7.5,0.871,734.8,3.9,0.12,1
26.3,39.4,13.1,54.6,30.7,23.9,416,425.7,9.7,0.962,809,4,0.12,1
26.9,42,15.1,52.8,29.6,23.2,417.5,425,7.5,0.693,821,3.9,0.12,1
26.7,42.1,15.5,52.3,27.5,24.8,416.5,424.7,8.2,1.122,798.5,4.4,0.12,1
26.4,39.1,12.7,54.3,32,22.3,415,424.7,9.7,1.317,584.6,4.4,0.12,1
27,39,12,52.6,32,20.6,412.5,422.7,10.2,1.616,681.8,4.8,0.12,1
27.7,41.6,13.9,48.7,28.4,20.3,409.5,418.3,8.8,0.774,847,3.9,0.12,1
28.1,40.4,12.3,46.9,27,19.9,408.5,417,8.5,0.62,717.1,3.5,0.12,1
27,39,12,47.8,29.7,18.1,408,416.3,8.3,1.149,654.9,4.1,0.12,1
27.3,38.8,11.4,46.2,29.1,17.1,407,416.7,9.7,0.647,531.3,3.4,0.12,1
26.9,38.2,11.3,49.9,30.6,19.3,408,414.7,6.7,1.997,600,5.4,0.12,1
28.3,41.5,13.3,45.3,29,16.3,407.5,416,8.5,1.857,884,5.3,0.12,1
27.8,42.8,15,46,24.6,21.4,407,416,9,1.484,870,4.9,0.12,1
26.8,37.2,10.4,50.1,31.3,18.8,408.5,419,10.5,2.209,354.6,5.7,0.12,1
27.1,37.5,10.3,48.5,31.3,17.2,407,417.3,10.3,1.122,449.4,3.9,0.12,1
26.8,35.7,9,49.1,34.1,15,406,416.7,10.7,1.577,409.3,4.5,0.12,1
27.5,36,8.5,48.1,34.9,13.2,405,414.7,9.7,1.554,367.4,4.4,0.12,1
27.5,36.8,9.3,46.8,35.2,11.6,404.5,413.3,8.8,1.459,521.5,4.3,0.12,1
28.5,39.6,11.1,45,30.2,14.8,402.5,410.3,7.8,1.446,687.5,4.4,0.12,1
29.1,42.4,13.3,42.7,27,15.7,403.5,410.3,6.8,0.173,695.8,3.4,0.12,1
28.8,41.1,12.3,42.1,24.6,17.5,402.5,413.3,10.8,0.854,610.1,3.8,0.12,1
28.1,38,9.9,44.4,29,15.4,404.5,415.3,10.8,2.304,412.2,5.9,0.12,1
26.4,35,8.6,50.1,31.6,18.5,404.5,414.7,10.2,2.082,437.8,5.4,0.12,1
25.7,30,4.3,54,43.6,10.4,409.5,422.7,13.2,3.25,117.1,7.5,0.12,1
25.5,29,3.5,55,46.4,8.6,409.5,423.3,13.8,2.546,148.3,5.9,0.12,1
25.7,29.2,3.4,55.1,48,7.1,408,421,13,1.503,186.5,3.7,0.12,1
25.6,29.3,3.7,54.2,48.3,5.9,407,416.7,9.7,1.965,185.4,4.7,0.12,1
25.2,27.7,2.5,56.3,52.3,4,409,422,13,1.738,48.18,4.1,0.12,1
24.9,26.8,1.9,59.1,56.1,3,410.5,424.3,13.8,1.133,39.71,2.8,0.12,1
24.5,26.4,1.8,59.6,55.5,4.1,411.5,424.7,13.2,1.467,66.2,3.5,0.12,1
24.3,25.9,1.6,59.8,55.2,4.6,412,423,11,3.102,82.3,7,0.12,1
24.3,25.9,1.6,60.3,56.4,3.9,413,422.7,9.7,1.724,80.8,4,0.12,1
24.3,25.8,1.5,60.2,56.9,3.3,411,422,11,1.082,75.76,2.7,0.12,1
24.3,25.6,1.2,61.1,57.9,3.2,410.5,422.7,12.2,0.555,61.58,1.6,0.12,1
23.9,25.2,1.3,61.2,57.5,3.7,410,422.3,12.3,1.01,51.81,2.5,0.12,1
24,25.3,1.3,61.1,59.1,2,410.5,422,11.5,0.645,63.79,1.8,0.12,1
21.3,26.4,5,74.9,67.5,7.4,425.5,430.3,4.8,0.254,234,2.2,0.12,1
21.6,27.2,5.6,74.2,64.8,9.4,422.5,425.3,2.8,0.694,272.9,2.7,0.12,1
22,28.1,6.2,73.2,63.6,9.6,421.5,423,1.5,0.41,286.1,2.5,0.12,1
21.8,29.1,7.3,72.8,60.8,12,421.5,422.7,1.2,0.43,329.1,2.7,0.12,1
21.9,28.6,6.7,73.5,60.8,12.7,420.5,421.3,0.8,0.642,252.5,2.8,0.12,1
22,28.1,6.1,74.4,61.6,12.8,418,422,4,0.159,224.2,2.3,0.12,1
22.4,28.4,6,72.5,61.5,11,417,421.3,4.3,0.901,278.6,3,0.12,1
22.5,29.1,6.6,71.8,59.7,12.1,415.5,419,3.5,0.966,294.8,3.2,0.12,1
23.2,31,7.8,71.2,55.9,15.3,416.5,421.3,4.8,0.416,403.8,2.8,0.12,1
23.4,30.6,7.3,69.4,54.9,14.5,415,420,5,0.126,307.8,2.5,0.12,1
23.2,29.4,6.2,70.1,56.5,13.6,415,419.3,4.3,0.165,236.2,2.3,0.12,1
23.7,30.4,6.7,70.4,57.8,12.6,414,417.7,3.7,0.695,269.9,2.9,0.12,1
24.9,35.5,10.6,64.7,48.8,15.9,413,415,2,0.63,620.7,3.3,0.12,1
25,37.5,12.5,62.1,39.8,22.3,411,418,7,0.305,747.4,3.4,0.12,1
24.8,35.5,10.7,65.8,43.3,22.5,412.5,419.7,7.2,1.125,430.1,3.9,0.12,1
24.7,34.2,9.5,65.9,44.7,21.2,411.5,419,7.5,0.996,387.1,3.6,0.12,1
24.7,34.2,9.5,64.5,46.7,17.8,410.5,414.3,3.8,0.938,409,3.5,0.12,1
24.7,32.3,7.6,65.6,51.2,14.4,410.5,415.7,5.2,0.698,247.9,3,0.12,1
24.2,30.5,6.3,67.4,54,13.4,410.5,417.3,6.8,0.693,196,2.8,0.12,1
24,28.5,4.5,71.3,61.9,9.4,411,419.7,8.7,0.829,105.2,2.7,0.12,1
24.9,29.1,4.2,72.8,59.5,13.3,408,417.7,9.7,1.048,222.9,3,0.12,1
24.3,32.4,8,69.3,52.8,16.5,408,413.7,5.7,0.511,461.5,2.9,0.12,1
25.2,32.1,6.9,67.4,51.5,15.9,408.5,414,5.5,0.473,336.1,2.7,0.12,1
25.4,32.2,6.8,68.2,53.1,15.1,406.5,411,4.5,0.622,339.1,2.8,0.12,1
25.2,31,5.8,67.1,53.6,13.5,405,410.3,5.3,1.061,257,3.2,0.12,1
23.9,28.1,4.2,70.4,58.9,11.5,408,416.3,8.3,0.886,105.6,2.7,0.12,1
23.4,27.2,3.8,77.8,64.8,13,410,420.3,10.3,1.166,116.1,3.2,0.12,1
23.8,30.3,6.5,78.4,62.4,16,408.5,416,7.5,0.931,337,3.1,0.12,1
24,32.5,8.5,75,54.7,20.3,406,409.7,3.7,1.029,467.2,3.5,0.12,1
25.6,33.9,8.3,71.1,51.6,19.5,406,410.7,4.7,1.533,412.4,4.3,0.12,1
25.9,37.8,11.9,67.4,44,23.4,405,409.7,4.7,0.7,725.1,3.6,0.12,1
27,41.2,14.1,64.4,36.6,27.8,404.5,409,4.5,0.479,798.6,3.6,0.12,1
26.4,36.4,10.1,65.1,39.8,25.3,404.5,412.3,7.8,1.14,411.5,3.9,0.12,1
26.1,34,7.9,66.1,44.8,21.3,404.5,415,10.5,1.153,289.8,3.6,0.12,1
26.6,35.7,9.1,63.6,41.8,21.8,402.5,413,10.5,1.575,535,4.5,0.12,1
26.1,33.1,7,63.2,44.7,18.5,402,411.7,9.7,2.479,346.1,6,0.12,1
26,31.4,5.4,63.1,47.2,15.9,404,415.3,11.3,1.786,266.2,4.5,0.12,1
25.9,31,5.1,62.9,49.4,13.5,402.5,415,12.5,1.33,241,3.6,0.12,1
26.3,31.1,4.9,62.2,49.4,12.8,401,413,12,1.758,265.6,4.4,0.12,1
25.9,30.6,4.8,63.2,50.2,13,401,412.3,11.3,1.651,248.6,4.2,0.12,1
25.5,29.4,3.9,65.5,55.2,10.3,402.5,414,11.5,1.457,160.3,3.7,0.12,1
25.2,28.9,3.7,64.7,55.8,8.9,403.5,414,10.5,1.728,159.2,4.2,0.12,1
24.8,27.8,3,62.1,55.9,6.2,404.5,415.7,11.2,2.269,117.1,5.3,0.12,1
24.7,27.4,2.7,63.3,55.4,7.9,404.5,417,12.5,2.146,145.2,5,0.12,1
24.6,27.2,2.5,62.4,55.8,6.6,405,417,12,2.547,144.9,5.8,0.12,1
24.7,26.7,2,61.2,55.4,5.8,403.5,416.3,12.8,1.536,131.7,3.7,0.12,1
24.7,26.6,1.9,62,57.6,4.4,403,414.7,11.7,1.309,101.4,3.2,0.12,1
24.6,26.6,2,62.6,58.5,4.1,402.5,415,12.5,0.707,100.7,2,0.12,1
23.9,26,2.1,72.5,63.4,9.1,403.5,416,12.5,1.246,79.11,3.1,0.12,1
22.1,28.4,6.3,71,59.9,11.1,418.5,423.7,5.2,0.369,311.9,2.5,0.12,1
21.6,27.1,5.5,73.1,61.9,11.2,416.5,423.7,7.2,0.788,174.6,2.8,0.12,1
22.1,27.2,5,72.4,63,9.4,414.5,422.7,8.2,1.097,227.8,3.2,0.12,1
23.5,29.6,6.1,69.8,57.4,12.4,412.5,420.3,7.8,0.937,354.9,3.1,0.12,1
22.9,30.4,7.5,68.7,55.6,13.1,413,419.3,6.3,0.567,349,2.8,0.12,1
23.2,30.2,7,68,53.2,14.8,412,417.7,5.7,0.425,308.7,2.6,0.12,1
22.6,28.5,5.9,69.7,55.5,14.2,410,419.7,9.7,0.729,228.6,2.8,0.12,1
22.7,27.6,4.9,69.6,60,9.6,407.5,420,12.5,1.484,215.1,3.9,0.12,1
23,29.6,6.7,67.5,54.8,12.7,406.5,416,9.5,1.146,343.6,3.5,0.12,1
24.5,34.2,9.7,64.7,47.1,17.6,405,412.7,7.7,1.377,652.1,4.2,0.12,1
23.6,31.7,8.1,64.6,46.1,18.5,406,413.3,7.3,1.122,356.7,3.6,0.12,1
23.8,30.5,6.8,65.2,49.1,16.1,405.5,417,11.5,2.691,304.4,6.4,0.12,1
24.6,33.5,8.9,60.1,44.2,15.9,402,413.7,11.7,1.596,510.2,4.5,0.12,1
24.6,33,8.4,61.3,43.2,18.1,401,410,9,1.751,460.7,4.7,0.12,1
24.3,32.1,7.8,59.6,45.5,14.1,399,409,10,1.436,371.5,4.1,0.12,1
24.4,30.5,6.2,61,48,13,398,410,12,1.378,248.1,3.8,0.12,1
25.2,32.2,7,56.8,45.6,11.2,396.5,407,10.5,1.459,373.4,4.1,0.12,1
25.4,34.6,9.2,56.4,39.2,17.2,396,405.7,9.7,1.075,632,3.7,0.12,1
25.1,32.5,7.4,55,39.8,15.2,395.5,407,11.5,1.406,380.4,4,0.12,1
26.8,35.2,8.4,51.4,38.1,13.3,395.5,407.7,12.2,1.578,496.1,4.4,0.12,1
26.1,37.3,11.2,50.7,31.4,19.3,395.5,406.7,11.2,1.314,751.9,4.3,0.12,1
25.4,35,9.5,53,34.9,18.1,395.5,407,11.5,1.956,464.4,5.2,0.12,1
26,35.3,9.3,51,35.6,15.4,395,406.7,11.7,1.924,497,5.1,0.12,1
26.1,34.8,8.7,51.5,36.1,15.4,393.5,404.3,10.8,1.704,424.9,4.7,0.12,1
26.3,34.4,8.1,51,36,15,393,404.7,11.7,1.703,468.7,4.6,0.12,1
26,34.8,8.8,50.1,35.6,14.5,393,403.7,10.7,1.08,489.1,3.6,0.12,1
26.6,35.3,8.7,49.1,34.8,14.3,392.5,402.3,9.8,1.16,448.2,3.8,0.12,1
26.2,34.3,8,50.1,35.6,14.5,393,402,9,1.997,423.1,5.1,0.12,1
26,33.2,7.1,50,38,12,392,403.7,11.7,1.986,328.1,5.1,0.12,1
26,32.3,6.3,51.4,38.5,12.9,391.5,404,12.5,1.484,319.7,4,0.12,1
26,32.4,6.3,50.9,39.7,11.2,391,404.3,13.3,1.919,365.3,4.9,0.12,1
25.7,31.4,5.7,51.7,40.1,11.6,391.5,405.3,13.8,2.421,287.5,5.8,0.12,1
27.1,35.3,8.2,49.1,36,13.1,391,403,12,2.32,556.7,5.8,0.12,1
26.9,36.4,9.5,48.1,31.4,16.7,390.5,401.7,11.2,2.411,696.3,6.1,0.12,1
25.5,33.4,7.8,52.5,36.2,16.3,392.5,403.7,11.2,1.96,351.8,5.1,0.12,1
25.4,31.3,5.9,52.6,40.2,12.4,393.5,406,12.5,2.255,238.2,5.5,0.12,1
25.2,31,5.8,52.9,41.9,11,394.5,406.7,12.2,1.802,260.7,4.6,0.12,1
25.1,30,4.9,54.3,44.3,10,393,407.3,14.3,1.284,165,3.5,0.12,1
25.7,30.5,4.7,54.2,44.3,9.9,391.5,405.7,14.2,1.457,226.7,3.8,0.12,1
26.3,31.7,5.4,52.8,43.3,9.5,389.5,402.7,13.2,1.312,271.5,3.6,0.12,1
28.2,37,8.8,46.9,36.2,10.7,390,400,10,0.971,539.9,3.5,0.12,1
25.4,33.6,8.2,52.3,36.8,15.5,391.5,402.7,11.2,1.29,297.9,3.9,0.12,1
24.9,29.8,4.9,54.6,43.4,11.2,393,406.7,13.7,1.907,134,4.7,0.12,1
24.5,28.3,3.7,56.4,48,8.4,393.5,408,14.5,1.575,112.8,3.9,0.12,1
24.7,27.6,2.9,56.8,49.8,7,394.5,409,14.5,0.654,107.7,2.1,0.12,1
24.7,28.2,3.5,54.5,47.4,7.1,392.5,407,14.5,1.362,169.9,3.5,0.12,1
25,28.2,3.2,54.9,47.3,7.6,391.5,405.3,13.8,1.314,170.4,3.4,0.12,1
24.6,27.4,2.9,55.4,50.3,5.1,392,405.7,13.7,1.15,113,3,0.12,1
24.1,26.3,2.3,56.9,52.5,4.4,394,410.3,16.3,1.018,51.52,2.7,0.12,1
20.5,23.3,2.8,70.3,68.3,2,417,424.3,7.3,1.035,159.9,2.8,0.12,1
20.5,24.2,3.7,69.1,63.6,5.5,417.5,420.7,3.2,0.999,190.6,2.8,0.12,1
20.7,24.4,3.7,69.3,63.2,6.1,418,421.3,3.3,0.783,163.1,2.5,0.12,1
21.3,25.4,4.1,67.7,60.7,7,419,421,2,0.68,195.7,2.4,0.12,1
21.5,26.3,4.9,67.1,58.1,9,417.5,418.7,1.2,0.813,238,2.7,0.12,1
22,29.8,7.8,64.2,50.9,13.3,417.5,415.7,1.8,0.969,457,3.4,0.12,1
21.9,29.6,7.7,65.4,51.6,13.8,416.5,415.7,0.8,0.869,323.7,3.2,0.12,1
22.9,31,8.1,63.3,48.3,15,416,413.3,2.7,0.377,385.8,2.8,0.12,1
23.2,31.5,8.3,62.7,48,14.7,416,414,2,0.617,354.2,3,0.12,1
23.2,32.3,9,61.3,43.7,17.6,412.5,413,0.5,0.922,484.6,3.5,0.12,1
23.3,32.1,8.8,60.4,43.3,17.1,412,412.3,0.3,0.598,395,3.1,0.12,1
23.6,32.8,9.2,60.9,43.9,17,410.5,410,0.5,0.702,393.5,3.2,0.12,1
24.1,36,11.9,59.6,37.2,22.4,410,410,0,1.197,626.3,4.2,0.12,1
24.6,38.7,14.1,58.9,33.1,25.8,409,411.3,2.3,0.882,592.4,4,0.12,1
24.2,36.2,12,59.8,33.7,26.1,409.5,411.7,2.2,0.395,485.4,3.3,0.12,1
24.6,35,10.4,59.1,38.6,20.5,408,411.7,3.7,0.794,352.9,3.5,0.12,1
24.9,36.3,11.4,58.1,35.3,22.8,406.5,409,2.5,0.443,513.5,3.3,0.12,1
24.5,35.5,11,59,37.2,21.8,405.5,407.3,1.8,0.808,459.2,3.6,0.12,1
24.4,33.3,8.9,60.6,40.8,19.8,405.5,407.3,1.8,1.118,343.3,3.7,0.12,1
24.3,32.6,8.3,60.4,43,17.4,405,410.7,5.7,0.986,325.2,3.5,0.12,1
24.8,33.8,9,58.7,41.7,17,405,407,2,1.459,405.5,4.3,0.12,1
26.2,36.9,10.7,55.5,37.4,18.1,403.5,405.7,2.2,0.37,582.3,3.1,0.12,1
25.3,34.5,9.1,58.4,38.3,20.1,404.5,406.3,1.8,1.358,377.7,4.1,0.12,1
25.6,35.6,10,56.6,36.8,19.8,403,408.3,5.3,1.207,592.9,4,0.12,1
26,35.8,9.8,55.3,36.8,18.5,404,406.7,2.7,1.263,470.5,4,0.12,1
26.4,40.2,13.8,53.6,29.7,23.9,403.5,405.3,1.8,0.945,824,4,0.12,1
27,41.5,14.5,53.2,28.1,25.1,403.5,409,5.5,2.272,837,6.1,0.12,1
26.4,38.7,12.3,54.9,30.3,24.6,404,409.7,5.7,1.723,460.8,5,0.12,1
25.6,33.7,8.1,57.8,38.4,19.4,403,409.3,6.3,1.925,317.9,5,0.12,1
27.5,36.4,8.9,51.6,37,14.6,402,409.3,7.3,1.079,471.9,3.7,0.12,1
26,37.5,11.5,53.9,33.5,20.4,400,406.3,6.3,1.38,637.9,4.4,0.12,1
25.7,33.1,7.4,55.9,41.1,14.8,402.5,410,7.5,1.121,195.4,3.5,0.12,1
27.8,35.4,7.5,51.9,39.5,12.4,401,407,6,0.704,384.1,3,0.12,1
26.1,36.4,10.3,55.3,32.8,22.5,400,404.7,4.7,1.934,697.3,5.2,0.12,1
25.7,33,7.3,57,41.5,15.5,402,408.3,6.3,2.486,264.9,6.1,0.12,1
26.6,36.8,10.2,54.3,36.5,17.8,400.5,404.7,4.2,1.975,603,5.3,0.12,1
27.4,39.1,11.7,51.2,32.1,19.1,399.5,401.7,2.2,1.267,511.1,4.2,0.12,1
27.8,38.6,10.8,52,32,20,400,403.3,3.3,1.114,455.7,3.9,0.12,1
27.1,38.8,11.7,51.5,31,20.5,401,405,4,0.966,541.6,3.8,0.12,1
28.2,39.7,11.5,50.8,31.3,19.5,400,404.3,4.3,0.988,401.4,3.8,0.12,1
26.2,35.4,9.3,54.6,33.2,21.4,401,406.7,5.7,1.704,342,4.7,0.12,1
25.4,31.4,6,58.1,42.8,15.3,404,412.3,8.3,1.649,112.8,4.3,0.12,1
25,29.5,4.4,60.9,48.3,12.6,404,413.3,9.3,1.442,103.3,3.7,0.12,1
24.9,28.7,3.8,61.3,51.7,9.6,402,412,10,1.189,119.3,3.2,0.12,1
25,28.6,3.6,60.4,52.7,7.7,400.5,409.7,9.2,0.768,129.8,2.4,0.12,1
25.8,30.4,4.6,58.5,49.7,8.8,400.5,407.3,6.8,1.027,198.2,3,0.12,1
26.1,32.9,6.8,55.7,44.1,11.6,399.5,402.7,3.2,0.908,271.7,3.2,0.12,1
25.1,30.3,5.2,59.4,46.3,13.1,399,402.7,3.7,1.546,208.6,4,0.12,1
24.7,28.5,3.8,62.2,52.4,9.8,400,405.7,5.7,1.16,111.7,3.1,0.12,1
21.6,25.8,4.1,72.1,63.2,8.9,422.5,424,1.5,0.914,176.5,2.8,0.12,1
22,26.5,4.5,71.5,62.3,9.2,422.5,423.3,0.8,0.925,203.6,2.9,0.12,1
22.3,27.7,5.5,70.6,59.4,11.2,423.5,422.7,0.8,0.514,244.8,2.5,0.12,1
22.3,28.1,5.8,69.6,59.3,10.3,424.5,421.3,3.2,0.833,229.3,2.9,0.12,1
22.8,28.4,5.6,69.8,57.9,11.9,422.5,421,1.5,0.602,244.7,2.6,0.12,1
22.6,29.1,6.5,66.7,51.9,14.8,421,421.3,0.3,0.148,310,2.4,0.12,1
22.7,29.3,6.6,67.3,54.6,12.7,420,421.3,1.3,0.413,241.4,2.6,0.12,1
23.3,30.9,7.6,66.6,51.6,15,419.5,418,1.5,0.855,353.3,3.2,0.12,1
23.8,32.1,8.3,63.7,47,16.7,418.5,417.3,1.2,0.115,410.5,2.7,0.12,1
22.8,30.5,7.7,66.4,48.9,17.5,417.5,418,0.5,1.121,249.6,3.6,0.12,1
23.9,30.7,6.7,64.3,49.8,14.5,415.5,417.3,1.8,0.463,297.6,2.6,0.12,1
23.8,31.6,7.9,64,47.4,16.6,415,414.7,0.3,0.856,361.7,3.2,0.12,1
24,31.4,7.4,63.8,47.8,16,413,415,2,0.856,343.7,3.2,0.12,1
23.9,31.2,7.3,63.9,49.6,14.3,413.5,414.3,0.8,0.623,293.9,2.9,0.12,1
25,32,7,62.3,48.8,13.5,412.5,413.3,0.8,0.639,325.2,2.8,0.12,1
24.7,33,8.4,61.8,45.4,16.4,411.5,413.3,1.8,0.837,396.1,3.3,0.12,1
25.9,36.7,10.8,57.6,39.8,17.8,409.5,413.7,4.2,1.069,639.3,3.9,0.12,1
26.2,39.2,13,58.4,31.9,26.5,409,414.3,5.3,0.474,744.5,3.5,0.12,1
26,37.4,11.3,59,34.5,24.5,409,414.3,5.3,1.007,552.1,3.8,0.12,1
26.7,37.5,10.8,57.5,36,21.5,407.5,413,5.5,0.705,479.5,3.4,0.12,1
26,36.9,10.9,58.1,37.1,21,406.5,410.7,4.2,1.186,463.9,4,0.12,1
26.4,35.2,8.8,58.2,40,18.2,406.5,411,4.5,0.881,333.9,3.4,0.12,1
26.1,34.3,8.2,58.1,43.8,14.3,404.5,407.7,3.2,1.431,307.3,4.1,0.12,1
26.3,35.1,8.8,59.3,42.4,16.9,405,406.7,1.7,0.987,412.1,3.5,0.12,1
26.6,36.1,9.5,57.2,41.2,16,405,405,0,0.964,464.6,3.6,0.12,1
27,35.9,8.8,57.4,39.8,17.6,403,403.7,0.7,0.197,444.4,2.8,0.12,1
27.2,35.5,8.3,56.4,40.4,16,402,405.7,3.7,0.426,349.9,2.8,0.12,1
27,35.4,8.5,57.3,38.9,18.4,404,405.3,1.3,0.771,391,3.2,0.12,1
26.9,34.6,7.7,58.7,42.4,16.3,403,407,4,0.934,320.2,3.3,0.12,1
27,34.4,7.4,58.3,44.5,13.8,402.5,405.7,3.2,0.314,307,2.6,0.12,1
26.9,33.3,6.4,59.2,44.4,14.8,401,404,3,0.372,288.3,2.5,0.12,1
27,32.8,5.9,59,48.9,10.1,400.5,403,2.5,0.651,249.9,2.7,0.12,1
27.2,32.2,5,58.1,50.6,7.5,400.5,402.7,2.2,0.077,213.9,2.1,0.12,1
26.8,31.5,4.7,60.3,51.6,8.7,401,402.7,1.7,0.221,179.7,2.1,0.12,1
26.9,31,4.1,61.2,53.4,7.8,400,405.3,5.3,0.262,199.6,2,0.12,1
26.3,30.3,4,62.7,54.7,8,401,401.7,0.7,0.337,159,2,0.12,1
25.8,28.9,3.2,68.2,58.1,10.1,401.5,405.3,3.8,0.592,105.2,2.1,0.12,1
24.8,28.2,3.4,76.4,64.5,11.9,402.5,406.3,3.8,0.708,120.2,2.3,0.12,1
23.9,27.6,3.7,81.9,68.8,13.1,403,406.3,3.3,0.287,131.1,1.9,0.12,1
24.1,27.4,3.3,82.2,71,11.2,403,406.7,3.7,0.42,117.8,1.9,0.12,1
23.9,27.4,3.4,81.4,71.2,10.2,403.5,403.7,0.2,0.519,119.1,2.1,0.12,1
24.2,27.6,3.5,82.1,70.9,11.2,401.5,404,2.5,0.279,135.6,1.8,0.12,1
24.4,28.3,3.9,76.5,68,8.5,400.5,402,1.5,0.005,162.7,1.8,0.12,1
25.1,28.9,3.8,76,65,11,400,400.3,0.3,0.645,185.6,2.3,0.12,1
24.6,28.3,3.7,74.8,65.6,9.2,401.5,403.7,2.2,0.016,116.8,1.8,0.12,1
24.2,26.8,2.6,77.8,70.3,7.5,403.5,407.7,4.2,0.516,55.44,1.9,0.12,1
23.5,25.7,2.2,82.3,74.5,7.8,405.5,410.7,5.2,0.556,41.73,1.8,0.12,1
23.3,25.1,1.8,83.4,77.1,6.3,406.5,415,8.5,0.295,31.19,1.4,0.12,1
23.1,25,1.9,85.9,78.4,7.5,411,417.3,6.3,0.381,42.91,1.5,0.12,1
21.4,23.1,1.7,98.8,90.2,8.6,458.5,471.7,13.2,0.378,73.68,1.5,0.12,1
21.8,25.1,3.3,97,84.6,12.4,465.5,472,6.5,0.647,177.9,2.2,0.12,1
22.4,26.4,4.1,94.3,78.6,15.7,465.5,470.7,5.2,0.162,203.7,1.9,0.12,1
22.1,26.3,4.2,92.9,77.5,15.4,463,468,5,0.18,154.2,2,0.12,1
22.4,26.2,3.9,92.5,78,14.5,455.5,466,10.5,0.223,118.4,1.9,0.12,1
22.5,26.4,3.8,92,76.4,15.6,449.5,458,8.5,0.427,156.3,2.1,0.12,1
22.3,26.8,4.5,92,76.3,15.7,450,452.7,2.7,0.516,172.8,2.3,0.12,1
23,27.6,4.6,91.6,73.7,17.9,449,453,4,0.764,198.2,2.6,0.12,1
23.8,30.4,6.6,88.7,67.2,21.5,446,446.7,0.7,0.982,357.2,3.2,0.12,1
25,36.5,11.5,83.8,54.5,29.3,444,442.3,1.7,0.586,605.5,3.4,0.12,1
25.2,38.6,13.4,80.4,45.5,34.9,435.5,438,2.5,0.769,648.6,3.8,0.12,1
25.2,36,10.7,82.9,51.4,31.5,433.5,436.3,2.8,0.499,315.7,3.2,0.12,1
24.8,32.6,7.7,85.1,57.1,28,432.5,437.3,4.8,0.895,227.8,3.3,0.12,1
25.2,29.9,4.7,85.1,64.5,20.6,424,438,14,0.991,140,3,0.12,1
25,28.5,3.5,83,68.5,14.5,412,429.3,17.3,1.941,103.4,4.6,0.12,1
25,28.5,3.5,85,70.6,14.4,403,417.7,14.7,1.357,144.8,3.5,0.12,1
25,28.3,3.3,85.9,71.6,14.3,403,414.3,11.3,1.452,140.1,3.6,0.12,1
24.9,27.3,2.4,84,72.7,11.3,403,416.3,13.3,2.559,122.1,5.9,0.12,1
24.5,26.7,2.2,86.4,76.2,10.2,404,417,13,2.278,106.1,5.2,0.12,1
24.7,25.9,1.2,83.5,76.6,6.9,405,418.3,13.3,2.963,58.82,6.7,0.12,1
24.4,25.5,1.1,85.3,80.6,4.7,406,419,13,2.913,48.7,6.5,0.12,1
24.3,26.3,1.9,89.4,81.4,8,404.5,417,12.5,1.891,116.5,4.4,0.12,1
24.6,28,3.4,90.6,78.2,12.4,404.5,413,8.5,0.445,209.8,2,0.12,1
24.9,29.3,4.4,89.4,73.9,15.5,406,412.7,6.7,1.543,269.4,3.9,0.12,1
25.7,30.9,5.3,86.8,68.5,18.3,411,414.3,3.3,1.071,328.6,3.2,0.12,1
26.4,32.4,6,82.8,64.5,18.3,407,413.3,6.3,0.639,323.3,2.7,0.12,1
27.2,33.8,6.6,77.4,57.3,20.1,403.5,408.7,5.2,1.455,432.7,4,0.12,1
28.3,36.4,8.1,71.3,48.1,23.2,399.5,407.7,8.2,1.807,575.3,4.8,0.12,1
27.7,34.4,6.6,74.1,51.8,22.3,400,409,9,1.324,358.4,3.8,0.12,1
27.4,33.5,6.1,73.9,54,19.9,399.5,409.7,10.2,0.553,340.8,2.6,0.12,1
27.3,32.3,5,73.5,55.8,17.7,399,408.3,9.3,2.132,234,5.2,0.12,1
27.4,33,5.6,74.7,57.4,17.3,398,405.7,7.7,1.596,260,4.2,0.12,1
27.8,33.3,5.5,71.7,54.4,17.3,399.5,404.3,4.8,2.441,329.9,5.8,0.12,1
28,33.1,5.1,71.4,55,16.4,398.5,405,6.5,2.05,290.4,5,0.12,1
27.8,32.7,4.9,70.8,55.3,15.5,398.5,405.7,7.2,2.612,273.7,6.1,0.12,1
27.5,31.7,4.2,72.7,57.9,14.8,398,405.7,7.7,2.46,223.1,5.8,0.12,1
27.2,30.6,3.5,73,59.5,13.5,398.5,407.3,8.8,2.211,180.6,5.2,0.12,1
26.9,29.3,2.4,73.5,63,10.5,401.5,411.3,9.8,3.087,133.9,7,0.12,1
26.7,29.1,2.4,76.6,66.8,9.8,400.5,411.7,11.2,1.71,99.3,4.1,0.12,1
26.8,29.3,2.6,75.8,67.1,8.7,400.5,409.7,9.2,0.188,108.5,1.5,0.12,1
26.8,29.4,2.6,78,69.1,8.9,401,409.7,8.7,1.469,116,3.6,0.12,1
26.8,29.3,2.6,77.3,68.8,8.5,401,409,8,1.254,110.8,3.2,0.12,1
26.4,28.6,2.2,77.2,68.6,8.6,401.5,410.7,9.2,1.574,75.58,3.7,0.12,1
26.1,28,1.9,79.4,71.2,8.2,402.5,412,9.5,2.061,67.2,4.7,0.12,1
25.8,27.4,1.6,80.8,74.1,6.7,404.5,414.3,9.8,1.731,41.62,4,0.12,1
25.7,26.9,1.2,81.5,76,5.5,406,416.3,10.3,1.881,34.46,4.3,0.12,1
25.6,26.4,0.8,80.4,76.1,4.3,405,418,13,1.787,28.51,4.1,0.12,1
25.3,26.1,0.8,82.1,78.1,4,405.5,418,12.5,1.831,25.23,4.1,0.12,1
25,25.6,0.6,83.9,80.2,3.7,407,419.3,12.3,1.65,13.88,3.7,0.12,1
18.6,33.2,14.6,87.5,51.8,35.7,441.5,436,5.5,0.503,365.4,2.5,0.09,1
19.5,34.5,15,84.2,50.5,33.7,436.5,434.3,2.2,0.446,443.2,2.5,0.09,1
19.6,35.5,15.9,84.3,47.9,36.4,437.5,434.7,2.8,0.522,470,2.6,0.09,1
20.7,36.6,15.9,82.2,46.2,36,431.5,432.3,0.8,0.817,499.7,2.8,0.09,1
21.1,37.4,16.3,79,44.3,34.7,427,431.7,4.7,0.598,526.6,2.6,0.09,1
22,38.4,16.4,75.4,42.7,32.7,423,423.7,0.7,1.024,551.9,3,0.09,1
22,38.9,16.8,73.1,40.5,32.6,418.5,423,4.5,1.303,575.3,3.3,0.09,1
23,39.3,16.3,74.1,39.8,34.3,419,424.7,5.7,0.808,595.7,2.8,0.09,1
23.6,40.3,16.7,70.7,39.9,30.8,417.5,422,4.5,1.02,615.9,3,0.09,1
23.4,39.5,16.1,69.1,35.7,33.4,415,422,7,1.936,634.6,4,0.09,1
24,39.4,15.4,67.5,36.5,31,410,423.7,13.7,1.506,656.1,3.4,0.09,1
24.9,39.5,14.7,64,36.8,27.2,409,420.3,11.3,1.492,674.4,3.4,0.09,1
25.2,39.1,13.9,61.7,34.1,27.6,407,418.3,11.3,1.838,689.7,3.8,0.09,1
25.2,40,14.8,62,34,28,407,418,11,2,707.2,4.1,0.09,1
25.1,40.4,15.3,60.9,32.7,28.2,403.5,418.3,14.8,2.205,722.9,4.4,0.09,1
26.2,41,14.7,58.7,31.1,27.6,401.5,416.7,15.2,1.813,736.2,3.8,0.09,1
26.4,42.4,16,58.4,31.2,27.2,402.5,416.3,13.8,1.068,744.5,3,0.09,1
26.7,42.4,15.7,57.8,28.3,29.5,403.5,417,13.5,1.165,749.8,3.1,0.09,1
26.5,42.4,15.9,56.9,29,27.9,404.5,419,14.5,1.725,757.4,3.7,0.09,1
27.6,42.4,14.8,56.5,29.1,27.4,404,418.7,14.7,1.593,759.4,3.5,0.09,1
27.3,43.1,15.8,56.7,28.1,28.6,403.5,419,15.5,1.134,759.8,3,0.09,1
27.5,41.7,14.2,55.6,28.9,26.7,402,419.3,17.3,2.859,763.6,5.3,0.09,1
27.8,42,14.3,54.6,28.4,26.2,402.5,418.7,16.2,2.081,763.5,4.1,0.09,1
28.1,42.5,14.4,52.2,29.3,22.9,402,417.3,15.3,2.218,761,4.3,0.09,1
27.9,41.2,13.3,51.2,28.2,23,400.5,417,16.5,2.422,687,4.6,0.09,1
28,41,13.1,50,28.3,21.7,400,417.3,17.3,3.086,758.6,5.6,0.09,1
28.7,42.2,13.5,48.9,27.5,21.4,400.5,416.7,16.2,2.144,743.6,4.2,0.09,1
29,43.4,14.4,47.6,26.3,21.3,400.5,415.3,14.8,1.953,733.7,4,0.09,1
29.1,43.2,14.1,47.2,25.4,21.8,399.5,416,16.5,2.065,725.8,4.1,0.09,1
29.1,43.3,14.2,45.2,25.1,20.1,398,415.7,17.7,2.6,714,4.9,0.09,1
29.1,43.9,14.8,44.3,23.7,20.6,398,416,18,1.358,699.5,3.2,0.09,1
29.5,42.8,13.3,43.6,24.4,19.2,396.5,416.7,20.2,2.751,682.1,5.1,0.09,1
29.1,42.3,13.2,43.7,24.8,18.9,397.5,415.3,17.8,2.694,664.1,5,0.09,1
29.7,43.3,13.6,42.8,25.3,17.5,396.5,414,17.5,1.729,645.2,3.6,0.09,1
29.4,43.9,14.5,41.4,23.2,18.2,395.5,413,17.5,1.457,623.2,3.3,0.09,1
30.2,43,12.8,41.1,24.3,16.8,395.5,414,18.5,2.106,599.7,4.1,0.09,1
29.5,43.6,14,42.3,24.2,18.1,395.5,412.7,17.2,1.582,573.2,3.5,0.09,1
29.6,43.7,14.1,41.7,24.5,17.2,396.5,412.7,16.2,1.306,544.1,3.1,0.09,1
30.4,44,13.7,40.9,25,15.9,396.5,412.3,15.8,1.086,515.9,2.9,0.09,1
30.3,44.3,14,42.1,25.3,16.8,397,413,16,0.558,487,2.4,0.09,1
30.4,43.8,13.4,44.2,24.8,19.4,397.5,414,16.5,0.903,456.5,2.7,0.09,1
30.3,43.5,13.2,46.5,25.7,20.8,398,413.7,15.7,0.81,425.9,2.6,0.09,1
30.6,43.3,12.7,45.2,27.3,17.9,397,412.7,15.7,0.703,394.7,2.4,0.09,1
30.7,42.6,11.9,46.5,29.5,17,398.5,411.7,13.2,0.883,363.3,2.5,0.09,1
30.7,41.5,10.8,47.4,31.7,15.7,399,411,12,1.034,329.9,2.6,0.09,1
29.1,39.7,10.6,53.6,33.7,19.9,399,413,14,1.005,296.2,2.6,0.09,1
28.8,38.8,10,54.9,35.8,19.1,398.5,410.3,11.8,0.387,261.7,2,0.09,1
27.6,37.6,9.9,57.1,39.7,17.4,401.5,409.3,7.8,0.634,226.8,2.2,0.09,1
26.3,35.5,9.2,62.6,42.8,19.8,404,413,9,1.189,194.2,2.7,0.09,1
21.9,34.1,12.2,79,49.4,29.6,434.5,435,0.5,0.961,385.5,2.6,0.09,1
21.7,31.8,10.1,80.6,51.2,29.4,440.5,451,10.5,3.165,407.3,5.6,0.09,1
20.7,29.5,8.9,83.8,55.2,28.6,444,455.7,11.7,2.611,320.3,4.7,0.09,1
21.8,32.4,10.5,80.1,51.8,28.3,439.5,450.3,10.8,1.88,475,3.7,0.09,1
22.8,34.8,12,75.5,49.1,26.4,437.5,442,4.5,1.245,495.1,2.9,0.09,1
23.7,36.6,12.9,72.4,47.5,24.9,436,441.3,5.3,0.325,525.1,2.2,0.09,1
23.4,37,13.7,73.4,44.2,29.2,435.5,443.3,7.8,1.553,549.6,3.4,0.09,1
23.6,38.6,15,71.7,42.3,29.4,436,438,2,1.329,577.8,3.2,0.09,1
24,39.3,15.4,69.7,39.9,29.8,433.5,439,5.5,1.451,597.4,3.4,0.09,1
24.8,40.5,15.7,65.2,38.1,27.1,429,436.3,7.3,0.683,620.2,2.6,0.09,1
25.8,40.5,14.6,61.3,34,27.3,426.5,436,9.5,1.073,642.8,2.9,0.09,1
26.5,41.7,15.2,60.7,36.5,24.2,426,434.3,8.3,1.03,664.8,2.9,0.09,1
27,42.8,15.7,58.7,34,24.7,424,433,9,0.784,683.2,2.7,0.09,1
27.6,42.9,15.3,54.8,31.2,23.6,419.5,433.3,13.8,1.456,696.9,3.4,0.09,1
27.7,43.8,16.1,52.9,28.5,24.4,417,430.3,13.3,1.412,711.3,3.4,0.09,1
29.6,44.3,14.7,49.9,27.7,22.2,415.5,432.3,16.8,0.512,725.8,2.4,0.09,1
29,45.1,16.1,46.6,25.2,21.4,412,429.3,17.3,1.178,743,3.1,0.09,1
28.6,44.5,15.8,52.5,26.1,26.4,414,430,16,1.216,745.6,3.1,0.09,1
27.9,44,16.2,50.6,25.5,25.1,413,429,16,1.275,758.7,3.2,0.09,1
28.3,44.5,16.2,49.3,25.8,23.5,412.5,428.3,15.8,1.4,763.7,3.4,0.09,1
29.1,44,14.9,46.6,25.8,20.8,411,426.7,15.7,2.474,762,4.7,0.09,1
29.6,43.4,13.8,45.2,25.6,19.6,409.5,426.3,16.8,1.452,770.9,3.3,0.09,1
29,43.7,14.7,44.9,25.2,19.7,408,425.3,17.3,1.969,763.7,4,0.09,1
28.7,43.6,14.8,47.3,26.4,20.9,407.5,424.3,16.8,1.96,726.9,4,0.09,1
29.2,45.4,16.2,45.7,25.2,20.5,408,424.3,16.3,1.53,737.3,3.5,0.09,1
30,46.3,16.3,45.1,23.6,21.5,408,425.3,17.3,1.566,777.2,3.6,0.09,1
30.4,44.9,14.5,45,23.5,21.5,408,427,19,1.005,669.3,2.8,0.09,1
30.4,45.1,14.7,43.5,23.4,20.1,408.5,427,18.5,1.593,741.6,3.5,0.09,1
30.6,45.3,14.6,43.9,23.4,20.5,408,425.7,17.7,1.326,720.5,3.2,0.09,1
31.5,45.7,14.2,41.5,23.3,18.2,408.5,425,16.5,1.069,710.7,2.9,0.09,1
31.4,45.8,14.4,42.3,23.5,18.8,408,424.3,16.3,1.117,700.1,2.9,0.09,1
30.8,46.2,15.4,42.2,22.6,19.6,408,424,16,1.406,673.1,3.3,0.09,1
31,45.9,14.8,41.2,23,18.2,408,424,16,1.461,657.5,3.3,0.09,1
30.3,46.2,15.9,42.6,23,19.6,407,424,17,1.214,627.3,3.1,0.09,1
30.3,45.7,15.4,42,22.4,19.6,407,424.7,17.7,1.222,608.4,3.1,0.09,1
31.4,44.6,13.2,40.2,22.8,17.4,406.5,424.7,18.2,1.644,587.3,3.5,0.09,1
31.4,45,13.6,39.7,24.1,15.6,406.5,422,15.5,0.913,561.2,2.7,0.09,1
31.3,45.2,14,43.5,23.8,19.7,408,421.7,13.7,0.625,532.3,2.5,0.09,1
30.8,44.8,14,44.5,24.4,20.1,406,421,15,0.942,506.4,2.7,0.09,1
31,43.9,12.9,40.4,25.5,14.9,407,420.7,13.7,1.169,473.6,2.9,0.09,1
31.7,44.2,12.5,39.7,25.9,13.8,407.5,419.7,12.2,0.353,438.7,2.2,0.09,1
30.8,43.8,12.9,43.2,26.3,16.9,405.5,419,13.5,0.724,406.9,2.5,0.09,1
30.9,43.2,12.2,43.4,27.3,16.1,407,419,12,0.444,377.9,2.2,0.09,1
30.5,42.2,11.7,45,29.2,15.8,406.5,418.3,11.8,0.561,338.5,2.2,0.09,1
30.7,40.9,10.2,46.7,32.3,14.4,405.5,416,10.5,0.704,304.5,2.2,0.09,1
30.2,39.9,9.8,50.4,35.1,15.3,405.5,414,8.5,0.526,275.8,2.1,0.09,1
29.4,38.8,9.4,50.3,36.6,13.7,409.5,413.7,4.2,0.672,242,2.2,0.09,1
28.3,37.2,8.9,53.3,38.6,14.7,411,417,6,0.667,207.7,2.1,0.09,1
26.9,35.1,8.1,58.8,42.8,16,413,420.3,7.3,1.131,176,2.5,0.09,1
19.7,30.8,11.1,84.6,56.8,27.8,463.5,465,1.5,0.334,393.2,2.1,0.09,1
19.8,32.5,12.7,83.2,53.5,29.7,461,462,1,0.853,422.6,2.6,0.09,1
20.2,34.4,14.2,82.4,50.5,31.9,461,457,4,0.697,450.9,2.6,0.09,1
20.7,35.2,14.5,81.1,48.6,32.5,456.5,456.3,0.2,1.086,479.5,2.9,0.09,1
21.3,35.7,14.3,79.5,46.6,32.9,456,457,1,1.208,506.2,3.1,0.09,1
21.9,36.3,14.4,79.3,43.9,35.4,456,458.3,2.3,1.254,532.2,3.1,0.09,1
22.6,37.3,14.7,76.1,44.9,31.2,454.5,456.3,1.8,0.924,559,2.8,0.09,1
23,38.2,15.2,74.1,41.6,32.5,453,455.7,2.7,0.908,580.6,2.8,0.09,1
23.6,38.8,15.3,73.1,40.6,32.5,453,455.7,2.7,0.919,600.1,2.8,0.09,1
23.6,39.4,15.8,71.7,40.6,31.1,452,458,6,1.066,619.5,3,0.09,1
24.9,40,15.1,69.2,39.6,29.6,450.5,456,5.5,1.185,640.2,3.1,0.09,1
25.3,40.4,15.1,67.6,38.4,29.2,446.5,453.7,7.2,1.358,658.2,3.3,0.09,1
25.5,41,15.5,67.4,37.4,30,444.5,450.7,6.2,1.212,676.1,3.1,0.09,1
26.2,41.8,15.6,65.2,36.3,28.9,443.5,451,7.5,1.096,690.5,3,0.09,1
27,42.4,15.3,63,35,28,440.5,450.3,9.8,1.214,704.3,3.1,0.09,1
27.6,43.6,16,60.2,34.5,25.7,436.5,447,10.5,1.245,715.2,3.2,0.09,1
28,44.5,16.4,57.9,31.8,26.1,433,444.3,11.3,0.992,723.2,2.9,0.09,1
28.3,45.3,17,56.1,30.7,25.4,431,443,12,1.298,731.4,3.3,0.09,1
28.6,45.9,17.3,55,29.4,25.6,427,440.3,13.3,0.695,736.1,2.7,0.09,1
28.8,45.5,16.7,53.8,28.7,25.1,427.5,441.7,14.2,0.952,736.8,2.9,0.09,1
30.1,46.3,16.2,51.6,28.2,23.4,424,440.3,16.3,0.727,738.2,2.7,0.09,1
30.4,46.8,16.4,50.2,28.1,22.1,424.5,440.3,15.8,1.04,753.6,3,0.09,1
30,46.8,16.8,47.7,26.7,21,421.5,440,18.5,0.337,748,2.5,0.09,1
30.6,47,16.4,45.7,25.5,20.2,417,436.7,19.7,0.309,744.1,2.5,0.09,1
31.6,47,15.4,40.8,22.2,18.6,411,433,22,1.358,744.3,3.3,0.09,1
31.8,47.1,15.3,40.2,21.7,18.5,409,429.7,20.7,1.626,740.1,3.6,0.09,1
32.1,47.1,15,40.2,22,18.2,409,428.7,19.7,2.059,731.7,4.1,0.09,1
32,46.8,14.8,40.5,22,18.5,409.5,428,18.5,1.901,720.7,3.9,0.09,1
32.5,46.6,14,39.9,22.1,17.8,409.5,427.3,17.8,2.792,711.3,5.2,0.09,1
32.3,45.5,13.3,39.9,21.8,18.1,409.5,427,17.5,2.584,699.8,4.8,0.09,1
31.7,44.7,13,39.4,22.4,17,409,427.3,18.3,3.028,686.3,5.5,0.09,1
32.6,44.8,12.2,39.5,23.3,16.2,410,427,17,3.309,671,5.9,0.09,1
32,43.7,11.7,39.6,24.2,15.4,410,426.3,16.3,3.051,625.6,5.5,0.09,1
32.1,43.2,11.1,40.6,25.3,15.3,409.5,426,16.5,3.01,599,5.4,0.09,1
31.8,42.7,10.9,40.7,24.8,15.9,409.5,424.3,14.8,2.451,589.1,4.5,0.09,1
32.1,42.6,10.4,42.1,25.9,16.2,410,424.7,14.7,3.252,586.5,5.7,0.09,1
31.7,41.3,9.6,42.4,26.5,15.9,411,424.7,13.7,2.915,520.4,5.2,0.09,1
31.6,42,10.4,42.8,26.7,16.1,410,424,14,2.691,532,4.9,0.09,1
31.8,42.7,10.9,42.6,26.2,16.4,410,423,13,2.961,567.7,5.3,0.09,1
30.5,42.1,11.5,44,27.2,16.8,411,423.3,12.3,2.818,536.1,5.1,0.09,1
31.6,42.3,10.7,45.6,28.8,16.8,411.5,423.3,11.8,2.788,487,5,0.09,1
31.3,42,10.6,45.4,28.2,17.2,411.5,423,11.5,2.448,439.1,4.5,0.09,1
31,41,10,47.9,29.8,18.1,412,423,11,2.246,394.9,4.2,0.09,1
30.3,40.4,10.1,50.1,31.5,18.6,413.5,424,10.5,2.323,358.4,4.3,0.09,1
30.6,39.8,9.1,50.2,34,16.2,414.5,424.7,10.2,1.681,320.8,3.3,0.09,1
29.7,39.1,9.4,52.6,35.6,17,415.5,424.3,8.8,1.195,286.2,2.7,0.09,1
29.6,38.5,8.9,52.6,37.5,15.1,415.5,424.3,8.8,0.982,253.3,2.4,0.09,1
29.4,37.4,7.9,52.8,40.6,12.2,418,424,6,0.444,217.3,1.8,0.09,1
27.9,35.5,7.6,58.5,43.7,14.8,419,422.7,3.7,0.443,182,1.8,0.09,1
26.1,29.6,3.5,70.6,60.8,9.8,410.5,419,8.5,2.534,172.1,4.4,0.09,1
27,31.8,4.8,69.5,59.9,9.6,409.5,418.7,9.2,2.864,235.5,4.9,0.09,1
27.1,32,4.9,67.4,57.8,9.6,409.5,418,8.5,1.972,271.4,3.5,0.09,1
27.7,33.3,5.6,67,53.9,13.1,409,414.7,5.7,2.081,316.5,3.7,0.09,1
28,34,6,65.7,51.7,14,409.5,416.7,7.2,2.422,331.7,4.3,0.09,1
28.1,35.6,7.5,64.8,49.3,15.5,409,415.7,6.7,2.482,409.8,4.4,0.09,1
29.4,38,8.6,60.6,42,18.6,410,417.3,7.3,2.826,610.7,5,0.09,1
28.9,37.9,9,61.3,39.9,21.4,409.5,417,7.5,3.758,547.3,6.5,0.09,1
28.7,37,8.3,62.5,42.2,20.3,409,416.3,7.3,4.18,414.4,7.2,0.09,1
29.6,38.2,8.6,59.5,40.7,18.8,407.5,415,7.5,1.834,469.6,3.5,0.09,1
30.3,39.9,9.7,56.9,38.2,18.7,407,414.3,7.3,2.232,488.1,4.2,0.09,1
30.8,41.2,10.4,56.2,35.5,20.7,407,415,8,2.856,541.9,5.1,0.09,1
30.8,43.9,13.2,53.4,29.5,23.9,407.5,415.7,8.2,1.72,724.9,3.6,0.09,1
28.5,37.4,8.9,59.5,38,21.5,408.5,417.7,9.2,3.688,377.3,6.4,0.09,1
29.6,37.5,7.9,56.7,38.3,18.4,407.5,418.3,10.8,3.452,405.9,6,0.09,1
29.6,37.6,8,55.8,39.1,16.7,405.5,415,9.5,2.826,464.4,5,0.09,1
29.2,36,6.8,58,41.5,16.5,406,414.7,8.7,2.802,340.7,4.9,0.09,1
28.7,34.9,6.1,59.5,44.2,15.3,407,414,7,3.082,309.5,5.3,0.09,1
28.6,34.3,5.7,58,44.8,13.2,407,414.3,7.3,3.589,319,6.1,0.09,1
30.2,36.6,6.4,58,43.5,14.5,404.5,413.3,8.8,2.975,465.2,5.2,0.09,1
29.5,37.2,7.7,57.1,41.1,16,405,413,8,3.623,532,6.2,0.09,1
31.2,40.4,9.3,55.3,36.1,19.2,404.5,414,9.5,3.062,682.2,5.4,0.09,1
30.5,38.9,8.5,55.7,36.9,18.8,405,415.3,10.3,2.732,657.1,4.9,0.09,1
30.6,38.6,8,56.6,37.5,19.1,405.5,416.3,10.8,2.676,491.7,4.8,0.09,1
30,37.2,7.2,56.5,40.6,15.9,406,414.3,8.3,2.639,368.4,4.7,0.09,1
29.8,37.3,7.5,55.6,41.5,14.1,405,413.3,8.3,2.223,449.8,4,0.09,1
30.4,36.9,6.5,55.4,40.6,14.8,404.5,413,8.5,2.681,397.7,4.7,0.09,1
30,36,6.1,54,40.9,13.1,404.5,413,8.5,2.225,376,4,0.09,1
30.7,37.8,7.1,50.8,39.4,11.4,404,411.7,7.7,1.561,457.7,3,0.09,1
30,39.4,9.4,51.4,34.3,17.1,404.5,412.3,7.8,2.195,431.2,4.1,0.09,1
30.3,38.6,8.4,52.7,35.2,17.5,404.5,413.7,9.2,1.749,462.9,3.4,0.09,1
29.8,38.9,9.1,54,35.7,18.3,403.5,414,10.5,1.861,431.9,3.6,0.09,1
30.6,38.5,7.9,52.3,37.2,15.1,403,414.3,11.3,2.617,321.5,4.7,0.09,1
30.8,38.9,8.1,51.2,36.3,14.9,404,414,10,2.508,438.9,4.5,0.09,1
32.1,40.3,8.2,48.8,32,16.8,404,414,10,2.612,653.2,4.7,0.09,1
31.8,43.5,11.8,48.1,29.5,18.6,404,414.3,10.3,2.118,627.5,4.1,0.09,1
31.5,43,11.5,48.4,29.1,19.3,405,416.7,11.7,2.724,579.2,5,0.09,1
31.2,43.6,12.4,49.8,28.5,21.3,405,417,12,1.972,555.6,3.9,0.09,1
31.7,43.6,11.9,49.6,28.4,21.2,405,417.7,12.7,2.504,502.5,4.6,0.09,1
31,42.5,11.5,52.5,30.3,22.2,406,418,12,1.788,463.4,3.6,0.09,1
31.6,42.9,11.3,47.8,30.9,16.9,406,417,11,1.286,467.2,2.9,0.09,1
30.1,40.5,10.4,52.5,31.9,20.6,406.5,417.7,11.2,1.762,412.2,3.5,0.09,1
30.2,39.5,9.3,54.3,34.6,19.7,407.5,418.7,11.2,2.391,288.1,4.4,0.09,1
30.6,40.2,9.6,54.6,35.3,19.3,406.5,417,10.5,3.141,383.7,5.5,0.09,1
30.4,39.7,9.4,54.5,35.2,19.3,405.5,415.3,9.8,2.325,372.2,4.3,0.09,1
29.2,35.9,6.8,57.1,40.8,16.3,408.5,417.3,8.8,2.499,211.7,4.4,0.09,1
28,33.2,5.2,58.7,46.8,11.9,410.5,420,9.5,2.88,141.6,5,0.09,1
27.6,31.1,3.5,61.1,50.9,10.2,410.5,422,11.5,2.995,90.2,5.1,0.09,1
27.1,30.5,3.4,64,53.2,10.8,410.5,422,11.5,3.235,104.4,5.5,0.09,1
22.6,30.7,8,81.3,59.3,22,459.5,461,1.5,0.601,250.8,2,0.09,1
23.4,31.6,8.3,81,58.4,22.6,462,465.7,3.7,0.934,252,2.3,0.09,1
23.7,33.2,9.4,78.6,56.2,22.4,459,462,3,1.347,350.3,2.9,0.09,1
24.2,34,9.8,76.7,51.8,24.9,457,460.7,3.7,1.036,278.1,2.6,0.09,1
25.2,34.8,9.6,74.6,51.6,23,454,460.3,6.3,1.564,299,3.2,0.09,1
25.8,35.8,10,72.8,48.1,24.7,453,459.7,6.7,1.479,362.8,3.1,0.09,1
26,37.3,11.3,71.3,46.9,24.4,450.5,460.3,9.8,1.646,402.9,3.4,0.09,1
27.3,40.4,13.1,65.2,39.3,25.9,445.5,453.3,7.8,1.29,617,3.1,0.09,1
27.3,40.7,13.4,64.8,38.7,26.1,441,453,12,1.723,526.1,3.6,0.09,1
28.7,40.6,11.9,59,33.2,25.8,424.5,443,18.5,1.078,664.6,2.7,0.09,1
29.4,42.1,12.7,55.6,33.1,22.5,410,426.3,16.3,1.488,698.3,3.3,0.09,1
29.3,43.2,13.9,54.5,29.5,25,407.5,422.3,14.8,1.784,609.6,3.7,0.09,1
29.5,40.8,11.3,54.1,32.9,21.2,407.5,423,15.5,1.04,634.4,2.7,0.09,1
28.5,40,11.5,55.9,32.9,23,410.5,425,14.5,2.354,525.5,4.4,0.09,1
28.6,38.7,10.1,57.2,35.9,21.3,411.5,426,14.5,2.619,473,4.8,0.09,1
30.4,42.3,11.8,52.1,32.9,19.2,410.5,425,14.5,1.62,731.3,3.4,0.09,1
29.9,40.7,10.8,53,31.3,21.7,415,427.3,12.3,1.639,645,3.4,0.09,1
30,40.8,10.8,52,31.1,20.9,415,431.3,16.3,2.547,737.5,4.7,0.09,1
29.8,40.5,10.7,51,30,21,414.5,431.3,16.8,2.506,772.5,4.6,0.09,1
30.1,41.2,11.1,49.8,29.4,20.4,414,430,16,2.002,767.9,3.9,0.09,1
30.8,43.9,13.1,48.8,29.4,19.4,413.5,427.7,14.2,1.002,770.5,2.7,0.09,1
31,43.3,12.3,48.1,27.8,20.3,414.5,429.7,15.2,1.265,761.8,3,0.09,1
30.2,42.4,12.2,47.4,27.1,20.3,414,431,17,1.997,740,3.9,0.09,1
30.1,42.1,12,48.2,28,20.2,413.5,430.7,17.2,3.034,678.7,5.5,0.09,1
31.3,42.1,10.8,47.5,28.9,18.6,412.5,429.7,17.2,2.031,711.3,3.9,0.09,1
30.7,43.3,12.6,45.8,26.6,19.2,412,429,17,2.77,772,5.1,0.09,1
31,44,13,46.5,26.5,20,411.5,430.3,18.8,2.074,743.8,4.1,0.09,1
31.7,45.1,13.5,46.8,25.9,20.9,413.5,430.7,17.2,1.329,765.8,3.1,0.09,1
32.5,46.6,14.1,44.6,24,20.6,415.5,431.3,15.8,1.371,754.2,3.2,0.09,1
31.3,46.8,15.4,44.9,23.3,21.6,415,432.3,17.3,1.617,718.9,3.6,0.09,1
33,47.4,14.4,44.6,24.4,20.2,416,432.7,16.7,1.075,695,2.9,0.09,1
32.3,46.6,14.3,43.6,22.8,20.8,415.5,432.7,17.2,1.375,664.7,3.2,0.09,1
31.6,45.5,13.9,43.3,23.7,19.6,416,434,18,1.851,672.6,3.8,0.09,1
33,45.5,12.5,42.8,23.8,19,416,433,17,1.234,657.8,2.9,0.09,1
31.9,46.7,14.8,43.9,24.1,19.8,416.5,433,16.5,0.779,628.6,2.6,0.09,1
32,45.2,13.2,46.2,24.9,21.3,414,432.3,18.3,1.364,598.2,3.1,0.09,1
31.7,44.4,12.7,46,25.9,20.1,415,432,17,1.846,567.2,3.7,0.09,1
31.3,44,12.6,46,27.3,18.7,414,431,17,1.665,533.2,3.5,0.09,1
31.4,43.7,12.3,46.7,28,18.7,414.5,430,15.5,1.558,486,3.3,0.09,1
31.7,45.2,13.5,46.7,27.1,19.6,414,429,15,0.577,494.3,2.4,0.09,1
32.3,45.1,12.8,46.8,26.8,20,413.5,428.7,15.2,0.666,481.1,2.4,0.09,1
31.7,44.2,12.5,46.8,28.1,18.7,413.5,428.3,14.8,1.339,397.4,3.1,0.09,1
31.8,43.6,11.8,47.8,28.3,19.5,413,427.7,14.7,0.825,380.6,2.5,0.09,1
32.1,43.6,11.6,48.2,31.3,16.9,414,426.3,12.3,0.647,336.3,2.3,0.09,1
32.3,42.7,10.5,47.7,32.3,15.4,414,426.7,12.7,0.297,294.5,2,0.09,1
31.4,40.9,9.5,50.9,34.4,16.5,414,426.7,12.7,0.286,259.9,1.9,0.09,1
30.9,39.8,8.9,53.3,37.1,16.2,415,426.3,11.3,0.706,220.1,2.1,0.09,1
30,38.3,8.3,56.9,41.6,15.3,415.5,426,10.5,0.482,193.4,1.9,0.09,1
28.9,34.9,6.1,61.9,49.6,12.3,417,425.7,8.7,0.176,102.2,1.5,0.09,1
